player,team,pos,g,mp,gs,fg,fga,fg_pct,fg3,fg3a,fg3_pct,fg2,fg2a,fg2_pct,ft,fta,ft_pct,orb,trb,ast,stl,blk,tov,pf,pts,player_href,player_url,player_id
Natalie Achonwa,IND,F,18,364,11,57,115,.496,0,10,.000,57,105,.543,26,32,.813,26,99,31,9,11,33,46,140,/wnba/players/a/achonna01w.html,https://www.basketball-reference.com/wnba/players/a/achonna01w.html,achonna01w
Jaylyn Agnew,ATL,F,12,71,0,4,15,.267,3,13,.231,1,2,.500,4,5,.800,0,5,3,0,0,5,7,15,/wnba/players/a/agnewja01w.html,https://www.basketball-reference.com/wnba/players/a/agnewja01w.html,agnewja01w
Bella Alarie,DAL,C-F,22,309,3,24,66,.364,1,13,.077,23,53,.434,10,12,.833,23,63,11,14,18,11,35,59,/wnba/players/a/alaribe01w.html,https://www.basketball-reference.com/wnba/players/a/alaribe01w.html,alaribe01w
Kayla Alexander,MIN,C,16,89,0,16,30,.533,0,0,,16,30,.533,5,8,.625,9,15,3,2,3,6,14,37,/wnba/players/a/alexaka01w.html,https://www.basketball-reference.com/wnba/players/a/alexaka01w.html,alexaka01w
Julie Allemand,IND,G,22,716,22,61,134,.455,44,92,.478,17,42,.405,22,30,.733,8,100,128,25,9,57,57,188,/wnba/players/a/allemju01w.html,https://www.basketball-reference.com/wnba/players/a/allemju01w.html,allemju01w
Lindsay Allen,LVA,G,21,284,21,28,66,.424,6,17,.353,22,49,.449,8,10,.800,6,23,51,7,1,16,20,70,/wnba/players/a/allenli01w.html,https://www.basketball-reference.com/wnba/players/a/allenli01w.html,allenli01w
Kristine Anigwe,LAS,F-C,17,197,1,32,53,.604,0,0,,32,53,.604,14,26,.538,18,45,4,11,7,16,33,78,/wnba/players/a/anigwkr01w.html,https://www.basketball-reference.com/wnba/players/a/anigwkr01w.html,anigwkr01w
Ariel Atkins,WAS,G,22,682,22,110,251,.438,44,107,.411,66,144,.458,62,70,.886,18,64,53,40,4,42,58,326,/wnba/players/a/atkinar01w.html,https://www.basketball-reference.com/wnba/players/a/atkinar01w.html,atkinar01w
Seimone Augustus,LAS,G-F,21,332,0,54,110,.491,12,22,.545,42,88,.477,4,6,.667,3,37,25,12,2,8,20,124,/wnba/players/a/augusse01w.html,https://www.basketball-reference.com/wnba/players/a/augusse01w.html,augusse01w
Rachel Banham,MIN,G,20,339,1,48,104,.462,25,53,.472,23,51,.451,16,20,.800,2,25,47,9,2,20,40,137,/wnba/players/b/banhara01w.html,https://www.basketball-reference.com/wnba/players/b/banhara01w.html,banhara01w
Monique Billings,ATL,F,22,596,16,68,170,.400,0,0,,68,170,.400,51,67,.761,58,187,27,24,18,42,62,187,/wnba/players/b/billimo01w.html,https://www.basketball-reference.com/wnba/players/b/billimo01w.html,billimo01w
Sue Bird,SEA,G,11,257,11,41,83,.494,23,49,.469,18,34,.529,3,4,.750,1,19,57,7,2,18,9,108,/wnba/players/b/birdsu01w.html,https://www.basketball-reference.com/wnba/players/b/birdsu01w.html,birdsu01w
DeWanna Bonner,CON,G-F,22,732,22,148,351,.422,27,107,.252,121,244,.496,111,124,.895,34,172,65,37,12,52,47,434,/wnba/players/b/bonnede01w.html,https://www.basketball-reference.com/wnba/players/b/bonnede01w.html,bonnede01w
Brittany Brewer,ATL,F,5,33,0,2,3,.667,0,0,,2,3,.667,0,0,,1,5,0,3,4,2,4,4,/wnba/players/b/brewebr01w.html,https://www.basketball-reference.com/wnba/players/b/brewebr01w.html,brewebr01w
Kalani Brown,ATL,C,10,61,0,12,23,.522,0,0,,12,23,.522,6,10,.600,3,12,0,1,1,5,10,30,/wnba/players/b/brownka01w.html,https://www.basketball-reference.com/wnba/players/b/brownka01w.html,brownka01w
Lexie Brown,MIN,G,17,374,13,38,111,.342,14,52,.269,24,59,.407,19,24,.792,3,33,41,31,0,24,26,109,/wnba/players/b/brownle02w.html,https://www.basketball-reference.com/wnba/players/b/brownle02w.html,brownle02w
Cierra Burdick,LVA,F,13,28,0,2,7,.286,0,0,,2,7,.286,0,0,,1,5,2,0,0,1,2,4,/wnba/players/b/burdici01w.html,https://www.basketball-reference.com/wnba/players/b/burdici01w.html,burdici01w
Kennedy Burke,IND,G-F,22,403,11,57,127,.449,15,48,.313,42,79,.532,30,42,.714,19,39,25,14,8,27,24,159,/wnba/players/b/burkeke01w.html,https://www.basketball-reference.com/wnba/players/b/burkeke01w.html,burkeke01w
Jordin Canada,SEA,G,20,483,11,56,132,.424,1,11,.091,55,121,.455,44,57,.772,10,46,109,30,0,40,35,157,/wnba/players/c/canadjo01w.html,https://www.basketball-reference.com/wnba/players/c/canadjo01w.html,canadjo01w
Emma Cannon,LVA,F,1,0,0,0,0,,0,0,,0,0,,0,0,,0,0,0,0,0,0,0,0,/wnba/players/c/cannoem01w.html,https://www.basketball-reference.com/wnba/players/c/cannoem01w.html,cannoem01w
Bridget Carleton,MIN,F,22,568,15,53,102,.520,21,46,.457,32,56,.571,18,28,.643,22,79,54,15,0,27,40,145,/wnba/players/c/carlebr01w.html,https://www.basketball-reference.com/wnba/players/c/carlebr01w.html,carlebr01w
Chennedy Carter,ATL,G,16,406,16,106,224,.473,12,32,.375,94,192,.490,55,67,.821,8,36,55,14,5,43,57,279,/wnba/players/c/cartech01w.html,https://www.basketball-reference.com/wnba/players/c/cartech01w.html,cartech01w
Kaila Charles,CON,G-F,21,376,7,40,97,.412,11,30,.367,29,67,.433,22,31,.710,23,54,19,16,7,19,45,113,/wnba/players/c/charlka01w.html,https://www.basketball-reference.com/wnba/players/c/charlka01w.html,charlka01w
Karima Christmas-Kelly,MIN,F-G,2,25,0,1,7,.143,0,3,.000,1,4,.250,7,8,.875,1,6,1,3,1,4,2,9,/wnba/players/c/chriska02w.html,https://www.basketball-reference.com/wnba/players/c/chriska02w.html,chriska02w
Layshia Clarendon,NYL,G,19,496,19,74,159,.465,15,44,.341,59,115,.513,55,63,.873,6,48,74,18,0,64,55,218,/wnba/players/c/clarela01w.html,https://www.basketball-reference.com/wnba/players/c/clarela01w.html,clarela01w
Alysha Clark,SEA,F,22,633,22,82,147,.558,35,67,.522,47,80,.588,20,25,.800,19,93,59,33,11,19,38,219,/wnba/players/c/clarkal01w.html,https://www.basketball-reference.com/wnba/players/c/clarkal01w.html,clarkal01w
Alaina Coates,WAS,C,20,197,0,18,34,.529,0,0,,18,34,.529,14,26,.538,20,55,9,7,4,12,33,50,/wnba/players/c/coateal01w.html,https://www.basketball-reference.com/wnba/players/c/coateal01w.html,coateal01w
Nia Coffey,PHO,F,15,230,1,16,38,.421,7,21,.333,9,17,.529,1,6,.167,5,37,12,5,5,7,30,40,/wnba/players/c/coffeni01w.html,https://www.basketball-reference.com/wnba/players/c/coffeni01w.html,coffeni01w
Napheesa Collier,MIN,F,22,752,22,136,260,.523,20,49,.408,116,211,.550,63,76,.829,61,199,73,40,28,60,60,355,/wnba/players/c/collina01w.html,https://www.basketball-reference.com/wnba/players/c/collina01w.html,collina01w
Sydney Colson,CHI,G,17,110,0,10,22,.455,3,9,.333,7,13,.538,7,8,.875,1,7,14,6,0,14,13,30,/wnba/players/c/colsosy01w.html,https://www.basketball-reference.com/wnba/players/c/colsosy01w.html,colsosy01w
Te'a Cooper,LAS,G,20,345,3,51,113,.451,11,32,.344,40,81,.494,26,34,.765,2,20,40,13,0,29,39,139,/wnba/players/c/coopete01w.html,https://www.basketball-reference.com/wnba/players/c/coopete01w.html,coopete01w
Kahleah Copper,CHI,G-F,22,688,22,132,266,.496,21,61,.344,111,205,.541,42,57,.737,21,120,47,21,5,54,52,327,/wnba/players/c/coppeka01w.html,https://www.basketball-reference.com/wnba/players/c/coppeka01w.html,coppeka01w
Lauren Cox,IND,F,14,183,1,18,43,.419,3,6,.500,15,37,.405,11,15,.733,10,46,19,6,4,11,20,50,/wnba/players/c/coxla01w.html,https://www.basketball-reference.com/wnba/players/c/coxla01w.html,coxla01w
Sophie Cunningham,PHO,G,21,396,11,35,91,.385,12,51,.235,23,40,.575,22,25,.880,9,22,16,11,3,15,46,104,/wnba/players/c/cunniso01w.html,https://www.basketball-reference.com/wnba/players/c/cunniso01w.html,cunniso01w
Crystal Dangerfield,MIN,G,21,629,19,124,263,.471,34,102,.333,90,161,.559,59,64,.922,5,41,75,18,1,54,31,341,/wnba/players/d/dangecr01w.html,https://www.basketball-reference.com/wnba/players/d/dangecr01w.html,dangecr01w
Damiris Dantas,MIN,C-F,22,586,22,102,220,.464,39,90,.433,63,130,.485,40,55,.727,37,134,58,25,5,40,56,283,/wnba/players/d/dantada01w.html,https://www.basketball-reference.com/wnba/players/d/dantada01w.html,dantada01w
Kaela Davis,ATL,F,2,2,0,0,0,,0,0,,0,0,,0,0,,0,0,0,0,0,0,0,0,/wnba/players/d/daviska01w.html,https://www.basketball-reference.com/wnba/players/d/daviska01w.html,daviska01w
Diamond DeShields,CHI,G,13,224,0,36,83,.434,3,18,.167,33,65,.508,14,18,.778,3,23,20,12,1,30,27,89,/wnba/players/d/deshidi01w.html,https://www.basketball-reference.com/wnba/players/d/deshidi01w.html,deshidi01w
Blake Dietrick,ATL,G,22,463,4,49,104,.471,26,58,.448,23,46,.500,5,8,.625,8,36,75,18,3,40,42,129,/wnba/players/d/dietrbl01w.html,https://www.basketball-reference.com/wnba/players/d/dietrbl01w.html,dietrbl01w
Skylar Diggins,PHO,G,22,675,22,127,268,.474,46,116,.397,81,152,.533,90,100,.900,11,73,93,20,11,70,50,390,/wnba/players/d/diggisk01w.html,https://www.basketball-reference.com/wnba/players/d/diggisk01w.html,diggisk01w
Stefanie Dolson,CHI,C,15,273,8,34,70,.486,12,32,.375,22,38,.579,14,19,.737,11,52,25,6,13,15,48,94,/wnba/players/d/dolsost01w.html,https://www.basketball-reference.com/wnba/players/d/dolsost01w.html,dolsost01w
Kathleen Doyle,IND,G,18,155,0,10,41,.244,5,21,.238,5,20,.250,2,4,.500,3,15,19,7,0,18,26,27,/wnba/players/d/doyleka01w.html,https://www.basketball-reference.com/wnba/players/d/doyleka01w.html,doyleka01w
Candice Dupree,IND,F,22,665,22,116,251,.462,3,18,.167,113,233,.485,41,48,.854,27,125,55,16,9,28,27,276,/wnba/players/d/dupreca01w.html,https://www.basketball-reference.com/wnba/players/d/dupreca01w.html,dupreca01w
Sylvia Fowles,MIN,C,7,168,7,39,64,.609,0,0,,39,64,.609,24,29,.828,21,68,6,6,8,8,18,102,/wnba/players/f/fowlesy01w.html,https://www.basketball-reference.com/wnba/players/f/fowlesy01w.html,fowlesy01w
Allisha Gray,DAL,G,20,524,14,91,196,.464,25,71,.352,66,125,.528,54,65,.831,27,84,26,22,6,22,38,261,/wnba/players/g/grayal01w.html,https://www.basketball-reference.com/wnba/players/g/grayal01w.html,grayal01w
Chelsea Gray,LAS,G,22,679,22,122,276,.442,18,59,.305,104,217,.479,46,49,.939,15,81,116,34,2,60,38,308,/wnba/players/g/graych01w.html,https://www.basketball-reference.com/wnba/players/g/graych01w.html,graych01w
Reshanda Gray,LAS,F,10,62,0,4,11,.364,0,0,,4,11,.364,6,7,.857,6,28,3,1,4,10,10,14,/wnba/players/g/grayre01w.html,https://www.basketball-reference.com/wnba/players/g/grayre01w.html,grayre01w
Brittney Griner,PHO,C,12,382,12,87,175,.497,0,1,.000,87,174,.500,38,47,.809,18,90,36,4,22,30,30,212,/wnba/players/g/grinebr01w.html,https://www.basketball-reference.com/wnba/players/g/grinebr01w.html,grinebr01w
Marie Gulich,LAS,C,12,119,1,13,26,.500,0,3,.000,13,23,.565,3,3,1.000,5,18,7,4,3,5,23,29,/wnba/players/g/gulima01w.html,https://www.basketball-reference.com/wnba/players/g/gulima01w.html,gulima01w
Megan Gustafson,DAL,C,10,48,0,4,14,.286,0,1,.000,4,13,.308,6,9,.667,6,11,1,0,1,2,9,14,/wnba/players/g/gustame01w.html,https://www.basketball-reference.com/wnba/players/g/gustame01w.html,gustame01w
Dearica Hamby,LVA,F,22,622,0,110,204,.539,18,38,.474,92,166,.554,48,67,.716,28,157,60,37,4,45,50,286,/wnba/players/h/hambyde01w.html,https://www.basketball-reference.com/wnba/players/h/hambyde01w.html,hambyde01w
Isabelle Harrison,DAL,F,13,258,11,34,76,.447,0,3,.000,34,73,.466,15,19,.789,19,60,19,9,5,18,32,83,/wnba/players/h/harriis01w.html,https://www.basketball-reference.com/wnba/players/h/harriis01w.html,harriis01w
Mikiah Herbert Harrigan,MIN,F,21,234,0,30,82,.366,14,33,.424,16,49,.327,5,7,.714,14,48,7,8,9,15,21,79,/wnba/players/h/harrimi01w.html,https://www.basketball-reference.com/wnba/players/h/harrimi01w.html,harrimi01w
Tyasha Harris,DAL,G,21,412,3,55,127,.433,19,56,.339,36,71,.507,14,22,.636,0,26,56,18,3,18,36,143,/wnba/players/h/harrity01w.html,https://www.basketball-reference.com/wnba/players/h/harrity01w.html,harrity01w
Bria Hartley,PHO,G,13,322,3,66,157,.420,25,65,.385,41,92,.446,33,41,.805,5,38,58,15,0,27,33,190,/wnba/players/h/hartlbr01w.html,https://www.basketball-reference.com/wnba/players/h/hartlbr01w.html,hartlbr01w
Tianna Hawkins,WAS,F,17,329,5,53,130,.408,17,57,.298,36,73,.493,22,26,.846,12,60,17,14,6,20,44,145,/wnba/players/h/hawkiti01w.html,https://www.basketball-reference.com/wnba/players/h/hawkiti01w.html,hawkiti01w
Ruthy Hebard,CHI,F,22,320,6,58,85,.682,0,0,,58,85,.682,9,12,.750,18,86,7,10,8,15,35,125,/wnba/players/h/hebarru01w.html,https://www.basketball-reference.com/wnba/players/h/hebarru01w.html,hebarru01w
Natisha Hiedeman,CON,G,22,408,4,45,127,.354,23,64,.359,22,63,.349,21,30,.700,8,42,41,8,0,24,43,134,/wnba/players/h/hiedena01w.html,https://www.basketball-reference.com/wnba/players/h/hiedena01w.html,hiedena01w
Myisha Hines-Allen,WAS,F,22,659,22,150,294,.510,26,61,.426,124,233,.532,48,58,.828,35,195,57,31,5,48,63,374,/wnba/players/h/hinesmy01w.html,https://www.basketball-reference.com/wnba/players/h/hinesmy01w.html,hinesmy01w
Bria Holmes,CON,G,18,291,4,35,98,.357,10,30,.333,25,68,.368,8,12,.667,13,33,20,13,5,18,17,88,/wnba/players/h/holmebr01w.html,https://www.basketball-reference.com/wnba/players/h/holmebr01w.html,holmebr01w
Joyner Holmes,NYL,F,19,190,0,22,72,.306,3,28,.107,19,44,.432,9,12,.750,15,51,13,2,2,13,14,56,/wnba/players/h/holmejo02w.html,https://www.basketball-reference.com/wnba/players/h/holmejo02w.html,holmejo02w
Natasha Howard,SEA,F,22,463,22,87,164,.530,7,20,.350,80,144,.556,28,36,.778,52,156,22,38,14,46,67,209,/wnba/players/h/howarna01w.html,https://www.basketball-reference.com/wnba/players/h/howarna01w.html,howarna01w
Sabrina Ionescu,NYL,G,3,80,3,19,42,.452,7,20,.350,12,22,.545,10,10,1.000,2,14,12,2,0,13,4,55,/wnba/players/i/ionessa01w.html,https://www.basketball-reference.com/wnba/players/i/ionessa01w.html,ionessa01w
Briann January,CON,G,13,303,10,22,75,.293,11,31,.355,11,44,.250,10,12,.833,4,16,44,8,2,15,25,65,/wnba/players/j/januabr01w.html,https://www.basketball-reference.com/wnba/players/j/januabr01w.html,januabr01w
Moriah Jefferson,DAL,G,9,148,6,18,43,.419,2,6,.333,16,37,.432,7,12,.583,8,28,18,7,2,15,17,45,/wnba/players/j/jeffemo01w.html,https://www.basketball-reference.com/wnba/players/j/jeffemo01w.html,jeffemo01w
Glory Johnson,ATL,F,18,277,1,31,83,.373,11,42,.262,20,41,.488,12,24,.500,7,67,11,15,7,13,27,85,/wnba/players/j/johnsgl01w.html,https://www.basketball-reference.com/wnba/players/j/johnsgl01w.html,johnsgl01w
Shenise Johnson,MIN,G,17,212,4,28,82,.341,6,17,.353,22,65,.338,25,28,.893,10,33,21,16,1,20,18,87,/wnba/players/j/johnssh02w.html,https://www.basketball-reference.com/wnba/players/j/johnssh02w.html,johnssh02w
Alexis Jones,ATL,G,6,53,0,8,21,.381,7,19,.368,1,2,.500,1,2,.500,0,0,5,3,0,6,3,24,/wnba/players/j/jonesal01w.html,https://www.basketball-reference.com/wnba/players/j/jonesal01w.html,jonesal01w
Brionna Jones,CON,F,21,549,21,98,162,.605,1,1,1.000,97,161,.602,38,55,.691,59,118,21,35,14,34,65,235,/wnba/players/j/jonesbr01w.html,https://www.basketball-reference.com/wnba/players/j/jonesbr01w.html,jonesbr01w
Jazmine Jones,NYL,G,20,428,2,69,171,.404,15,45,.333,54,126,.429,63,80,.788,18,81,45,28,9,57,59,216,/wnba/players/j/jonesja02w.html,https://www.basketball-reference.com/wnba/players/j/jonesja02w.html,jonesja02w
Paris Kea,NYL,G,11,165,5,28,73,.384,13,33,.394,15,40,.375,7,8,.875,5,22,16,7,3,19,12,76,/wnba/players/k/keapa01w.html,https://www.basketball-reference.com/wnba/players/k/keapa01w.html,keapa01w
Betnijah Laney-Hamilton,ATL,G-F,22,738,22,143,297,.481,30,74,.405,113,223,.507,62,75,.827,24,107,87,35,2,66,56,378,/wnba/players/l/laneybe01w.html,https://www.basketball-reference.com/wnba/players/l/laneybe01w.html,laneybe01w
Crystal Langhorne,SEA,F-C,13,107,0,7,17,.412,1,5,.200,6,12,.500,3,6,.500,3,28,6,1,1,11,7,18,/wnba/players/l/langhcr01w.html,https://www.basketball-reference.com/wnba/players/l/langhcr01w.html,langhcr01w
Kiara Leslie,WAS,G,19,414,10,38,108,.352,17,47,.362,21,61,.344,12,13,.923,15,57,20,9,7,18,27,105,/wnba/players/l/lesliki01w.html,https://www.basketball-reference.com/wnba/players/l/lesliki01w.html,lesliki01w
Jewell Loyd,SEA,G,22,613,22,112,253,.443,39,100,.390,73,153,.477,77,88,.875,14,52,70,32,6,41,34,340,/wnba/players/l/loydje01w.html,https://www.basketball-reference.com/wnba/players/l/loydje01w.html,loydje01w
Marina Mabrey,DAL,G,19,405,12,68,158,.430,38,91,.418,30,67,.448,16,24,.667,11,59,43,25,2,30,36,190,/wnba/players/m/mabrema01w.html,https://www.basketball-reference.com/wnba/players/m/mabrema01w.html,mabrema01w
Ezi Magbegor,SEA,F-C,22,292,0,62,109,.569,1,3,.333,61,106,.575,19,27,.704,25,54,7,12,16,9,43,144,/wnba/players/m/magbeez01w.html,https://www.basketball-reference.com/wnba/players/m/magbeez01w.html,magbeez01w
Kayla McBride,LVA,G,22,587,22,90,212,.425,25,73,.342,65,139,.468,70,78,.897,9,51,52,26,2,31,30,275,/wnba/players/m/mcbrika01w.html,https://www.basketball-reference.com/wnba/players/m/mcbrika01w.html,mcbrika01w
Angel McCoughtry,LVA,F-G,22,440,22,117,226,.518,16,34,.471,101,192,.526,67,76,.882,37,112,54,29,6,38,49,317,/wnba/players/m/mccouan01w.html,https://www.basketball-reference.com/wnba/players/m/mccouan01w.html,mccouan01w
Teaira McCowan,IND,C,22,461,10,90,168,.536,0,3,.000,90,165,.545,60,80,.750,69,161,14,7,22,44,58,240,/wnba/players/m/mccowte01w.html,https://www.basketball-reference.com/wnba/players/m/mccowte01w.html,mccowte01w
Emma Meesseman,WAS,F,20,634,20,109,240,.454,13,45,.289,96,195,.492,29,35,.829,33,106,90,24,16,40,35,260,/wnba/players/m/meessem01w.html,https://www.basketball-reference.com/wnba/players/m/meessem01w.html,meessem01w
Kelsey Mitchell,IND,G,22,706,22,138,308,.448,56,144,.389,82,164,.500,62,73,.849,6,48,62,14,2,54,62,394,/wnba/players/m/mitchke01w.html,https://www.basketball-reference.com/wnba/players/m/mitchke01w.html,mitchke01w
Leilani Mitchell,WAS,G,22,673,22,73,179,.408,29,95,.305,44,84,.524,34,39,.872,11,62,119,18,1,38,46,209,/wnba/players/m/mitchle01w.html,https://www.basketball-reference.com/wnba/players/m/mitchle01w.html,mitchle01w
Tiffany Mitchell,IND,G,19,502,11,74,214,.346,17,73,.233,57,141,.404,77,81,.951,15,65,49,12,2,45,49,242,/wnba/players/m/mitchti01w.html,https://www.basketball-reference.com/wnba/players/m/mitchti01w.html,mitchti01w
Beatrice Mompremier,CON,F,21,187,0,20,47,.426,0,0,,20,47,.426,8,18,.444,32,70,3,5,13,14,28,48,/wnba/players/m/momprbe01w.html,https://www.basketball-reference.com/wnba/players/m/momprbe01w.html,momprbe01w
Kaleena Mosqueda-Lewis,CON,F,16,164,0,19,64,.297,12,47,.255,7,17,.412,4,7,.571,1,21,4,3,1,7,17,54,/wnba/players/m/mosquka01w.html,https://www.basketball-reference.com/wnba/players/m/mosquka01w.html,mosquka01w
Astou Ndour-Fall,DAL,C-F,13,151,7,20,57,.351,6,25,.240,14,32,.438,0,0,,13,38,6,3,6,6,29,46,/wnba/players/n/ndouras01w.html,https://www.basketball-reference.com/wnba/players/n/ndouras01w.html,ndouras01w
Kia Nurse,NYL,G,21,578,18,68,249,.273,31,130,.238,37,119,.311,89,103,.864,11,60,48,11,4,46,38,256,/wnba/players/n/nurseki01w.html,https://www.basketball-reference.com/wnba/players/n/nurseki01w.html,nurseki01w
Leaonna Odom,NYL,F,22,453,16,48,98,.490,5,20,.250,43,78,.551,20,23,.870,34,50,16,15,8,15,37,121,/wnba/players/o/odomle01w.html,https://www.basketball-reference.com/wnba/players/o/odomle01w.html,odomle01w
Arike Ogunbowale,DAL,G,22,748,22,173,419,.413,48,143,.336,125,276,.453,107,125,.856,10,61,76,35,0,47,54,501,/wnba/players/o/ogunbar01w.html,https://www.basketball-reference.com/wnba/players/o/ogunbar01w.html,ogunbar01w
Nneka Ogwumike,LAS,F,18,476,18,95,167,.569,9,18,.500,86,149,.577,41,49,.837,21,87,31,19,3,28,41,240,/wnba/players/o/ogwumnn01w.html,https://www.basketball-reference.com/wnba/players/o/ogwumnn01w.html,ogwumnn01w
Candace Parker,LAS,F-C,22,665,22,124,243,.510,19,48,.396,105,195,.538,57,78,.731,37,214,101,26,27,64,51,324,/wnba/players/p/parkeca01w.html,https://www.basketball-reference.com/wnba/players/p/parkeca01w.html,parkeca01w
Cheyenne Parker-Tyus,CHI,F,20,497,13,97,175,.554,15,32,.469,82,143,.573,58,68,.853,47,128,30,26,18,55,63,267,/wnba/players/p/parkech01w.html,https://www.basketball-reference.com/wnba/players/p/parkech01w.html,parkech01w
Theresa Plaisance,CON,F,13,90,0,11,29,.379,5,17,.294,6,12,.500,5,6,.833,2,13,1,5,3,2,20,32,/wnba/players/p/plaisth01w.html,https://www.basketball-reference.com/wnba/players/p/plaisth01w.html,plaisth01w
Aerial Powers,WAS,G,6,179,6,32,69,.464,9,26,.346,23,43,.535,25,30,.833,2,29,15,9,0,11,16,98,/wnba/players/p/powerae01w.html,https://www.basketball-reference.com/wnba/players/p/powerae01w.html,powerae01w
Alexis Prince,CHI,F,2,16,0,3,5,.600,2,3,.667,1,2,.500,0,0,,2,3,0,0,1,0,1,8,/wnba/players/p/princal01w.html,https://www.basketball-reference.com/wnba/players/p/princal01w.html,princal01w
Epiphanny Prince,SEA,G,15,190,0,22,57,.386,9,27,.333,13,30,.433,11,13,.846,1,18,21,6,2,12,22,64,/wnba/players/p/princep01w.html,https://www.basketball-reference.com/wnba/players/p/princep01w.html,princep01w
Allie Quigley,CHI,G,22,631,22,129,288,.448,46,133,.346,83,155,.535,34,37,.919,6,63,52,14,6,28,31,338,/wnba/players/q/quiglal01w.html,https://www.basketball-reference.com/wnba/players/q/quiglal01w.html,quiglal01w
Danielle Robinson,LVA,G,22,492,1,62,121,.512,5,13,.385,57,108,.528,34,42,.810,5,53,71,19,2,28,38,163,/wnba/players/r/robinda01w.html,https://www.basketball-reference.com/wnba/players/r/robinda01w.html,robinda01w
Sugar Rodgers,LVA,G,22,263,1,26,81,.321,20,64,.313,6,17,.353,3,4,.750,3,28,31,7,3,16,25,75,/wnba/players/r/rodgesu01w.html,https://www.basketball-reference.com/wnba/players/r/rodgesu01w.html,rodgesu01w
Tierra Ruffin-Pratt,LAS,G,17,251,10,12,45,.267,6,13,.462,6,32,.188,19,26,.731,9,36,15,11,3,9,28,49,/wnba/players/r/ruffiti01w.html,https://www.basketball-reference.com/wnba/players/r/ruffiti01w.html,ruffiti01w
Mercedes Russell,SEA,C,22,304,2,32,78,.410,0,0,,32,78,.410,14,25,.560,16,70,13,8,8,16,21,78,/wnba/players/r/russeme01w.html,https://www.basketball-reference.com/wnba/players/r/russeme01w.html,russeme01w
Satou Sabally,DAL,F,16,450,14,67,182,.368,13,66,.197,54,116,.466,75,86,.872,41,124,40,14,14,35,50,222,/wnba/players/s/sabalsa01w.html,https://www.basketball-reference.com/wnba/players/s/sabalsa01w.html,sabalsa01w
Katie Lou Samuelson,DAL,F,22,439,4,40,96,.417,19,60,.317,21,36,.583,11,15,.733,8,53,30,15,9,12,32,110,/wnba/players/s/samueka02w.html,https://www.basketball-reference.com/wnba/players/s/samueka02w.html,samueka02w
Kylee Shook,NYL,C,20,290,0,32,79,.405,3,17,.176,29,62,.468,14,17,.824,15,56,11,7,10,20,26,81,/wnba/players/s/shookky01w.html,https://www.basketball-reference.com/wnba/players/s/shookky01w.html,shookky01w
Odyssey Sims,MIN,G,13,240,7,42,104,.404,8,24,.333,34,80,.425,30,33,.909,8,26,45,7,1,25,22,122,/wnba/players/s/simsod01w.html,https://www.basketball-reference.com/wnba/players/s/simsod01w.html,simsod01w
Kamiah Smalls,IND,G,7,100,0,9,20,.450,7,12,.583,2,8,.250,2,2,1.000,5,8,14,1,1,2,3,27,/wnba/players/s/smallka01w.html,https://www.basketball-reference.com/wnba/players/s/smallka01w.html,smallka01w
Alanna Smith,PHO,F,19,296,0,43,102,.422,10,43,.233,33,59,.559,20,29,.690,21,69,23,5,15,18,47,116,/wnba/players/s/smithal01w.html,https://www.basketball-reference.com/wnba/players/s/smithal01w.html,smithal01w
Azura Stevens,CHI,F-C,13,355,13,59,118,.500,15,39,.385,44,79,.557,17,20,.850,18,77,20,12,24,20,39,150,/wnba/players/s/steveaz01w.html,https://www.basketball-reference.com/wnba/players/s/steveaz01w.html,steveaz01w
Breanna Stewart,SEA,F,20,607,20,133,295,.451,35,95,.368,98,200,.490,93,104,.894,20,165,72,33,26,51,45,394,/wnba/players/s/stewabr01w.html,https://www.basketball-reference.com/wnba/players/s/stewabr01w.html,stewabr01w
Kiah Stokes,NYL,C,22,601,22,51,137,.372,20,85,.235,31,52,.596,4,7,.571,28,147,26,11,26,29,45,126,/wnba/players/s/stokeki01w.html,https://www.basketball-reference.com/wnba/players/s/stokeki01w.html,stokeki01w
Shekinna Stricklen,ATL,F,22,482,15,47,138,.341,33,99,.333,14,39,.359,8,8,1.000,4,42,14,7,1,15,43,135,/wnba/players/s/stricsh01w.html,https://www.basketball-reference.com/wnba/players/s/stricsh01w.html,stricsh01w
Sug Sutton,WAS,G,12,113,0,12,33,.364,5,17,.294,7,16,.438,5,7,.714,0,8,12,1,0,6,11,34,/wnba/players/s/suttosu01w.html,https://www.basketball-reference.com/wnba/players/s/suttosu01w.html,suttosu01w
Carolyn Swords,LVA,C,22,384,21,23,50,.460,0,0,,23,50,.460,17,22,.773,33,102,20,5,1,18,21,63,/wnba/players/s/swordca01w.html,https://www.basketball-reference.com/wnba/players/s/swordca01w.html,swordca01w
Brittney Sykes,LAS,G,21,517,14,73,150,.487,16,49,.327,57,101,.564,50,62,.806,16,54,45,31,6,36,62,212,/wnba/players/s/sykesbr01w.html,https://www.basketball-reference.com/wnba/players/s/sykesbr01w.html,sykesbr01w
Diana Taurasi,PHO,G,19,533,19,96,235,.409,61,167,.365,35,68,.515,103,113,.912,2,79,86,19,8,44,52,356,/wnba/players/t/tauradi01w.html,https://www.basketball-reference.com/wnba/players/t/tauradi01w.html,tauradi01w
Alyssa Thomas,CON,F,21,689,21,122,244,.500,0,1,.000,122,243,.502,81,118,.686,39,190,101,42,6,52,59,325,/wnba/players/t/thomaal01w.html,https://www.basketball-reference.com/wnba/players/t/thomaal01w.html,thomaal01w
Jasmine Thomas,CON,G,19,485,19,76,188,.404,21,63,.333,55,125,.440,21,23,.913,4,33,76,24,5,46,30,194,/wnba/players/t/thomaja01w.html,https://www.basketball-reference.com/wnba/players/t/thomaja01w.html,thomaja01w
Kayla Thornton,DAL,F,22,557,14,54,126,.429,25,72,.347,29,54,.537,28,32,.875,32,113,17,19,4,25,65,161,/wnba/players/t/thornka01w.html,https://www.basketball-reference.com/wnba/players/t/thornka01w.html,thornka01w
Morgan Tuck,SEA,F,10,88,0,5,16,.313,2,9,.222,3,7,.429,5,8,.625,2,6,2,5,0,6,12,17,/wnba/players/t/tuckmo01w.html,https://www.basketball-reference.com/wnba/players/t/tuckmo01w.html,tuckmo01w
Brianna Turner,PHO,F-C,22,613,22,66,114,.579,0,1,.000,66,113,.584,27,42,.643,57,198,39,24,43,31,66,159,/wnba/players/t/turnebr01w.html,https://www.basketball-reference.com/wnba/players/t/turnebr01w.html,turnebr01w
Courtney Vandersloot,CHI,G,22,693,22,107,218,.491,30,76,.395,77,142,.542,56,63,.889,11,77,219,26,8,54,46,300,/wnba/players/v/vandeco01w.html,https://www.basketball-reference.com/wnba/players/v/vandeco01w.html,vandeco01w
Kia Vaughn,PHO,C,22,415,10,62,127,.488,0,2,.000,62,125,.496,11,19,.579,24,80,34,11,7,34,39,135,/wnba/players/v/vaughki01w.html,https://www.basketball-reference.com/wnba/players/v/vaughki01w.html,vaughki01w
Victoria Vivians,IND,G-F,6,85,0,10,29,.345,2,11,.182,8,18,.444,7,8,.875,2,14,3,1,0,6,15,29,/wnba/players/v/viviavi01w.html,https://www.basketball-reference.com/wnba/players/v/viviavi01w.html,viviavi01w
Megan Walker,NYL,F,18,205,0,25,78,.321,6,43,.140,19,35,.543,3,5,.600,11,27,6,4,0,7,15,59,/wnba/players/w/walkeme01w.html,https://www.basketball-reference.com/wnba/players/w/walkeme01w.html,walkeme01w
Shatori Walker-Kimbrough,PHO,G,21,400,10,54,126,.429,22,51,.431,32,75,.427,23,25,.920,6,34,32,23,8,21,24,153,/wnba/players/w/walkesh01w.html,https://www.basketball-reference.com/wnba/players/w/walkesh01w.html,walkesh01w
Avery Warley-Talbert,LVA,C,3,24,0,3,7,.429,0,0,,3,7,.429,2,3,.667,5,8,3,0,0,2,6,8,/wnba/players/w/warleav01w.html,https://www.basketball-reference.com/wnba/players/w/warleav01w.html,warleav01w
Sami Whitcomb,SEA,G,22,363,0,62,140,.443,32,84,.381,30,56,.536,22,22,1.000,4,50,44,16,3,22,31,178,/wnba/players/w/whitcsa01w.html,https://www.basketball-reference.com/wnba/players/w/whitcsa01w.html,whitcsa01w
Sydney Wiese,LAS,G,19,363,15,47,93,.505,25,53,.472,22,40,.550,11,12,.917,5,33,22,11,2,22,17,130,/wnba/players/w/wiesesy01w.html,https://www.basketball-reference.com/wnba/players/w/wiesesy01w.html,wiesesy01w
Courtney Williams,ATL,G,20,615,14,134,307,.436,8,34,.235,126,273,.462,16,23,.696,37,143,63,13,2,54,39,292,/wnba/players/w/willico01w.html,https://www.basketball-reference.com/wnba/players/w/willico01w.html,willico01w
Elizabeth Williams,ATL,C-F,22,647,22,87,178,.489,0,0,,87,178,.489,49,66,.742,49,125,31,17,30,25,57,223,/wnba/players/w/williel01w.html,https://www.basketball-reference.com/wnba/players/w/williel01w.html,williel01w
Gabby Williams,CHI,F,22,546,4,67,158,.424,20,70,.286,47,88,.534,16,25,.640,20,88,44,29,5,37,32,170,/wnba/players/w/williga01w.html,https://www.basketball-reference.com/wnba/players/w/williga01w.html,williga01w
Riquna Williams,LAS,G,21,444,4,81,186,.435,43,102,.422,38,84,.452,16,18,.889,3,38,31,24,7,19,41,221,/wnba/players/w/williri02w.html,https://www.basketball-reference.com/wnba/players/w/williri02w.html,williri02w
Jocelyn Willoughby,NYL,F-G,22,383,5,39,109,.358,15,37,.405,24,72,.333,35,42,.833,15,53,20,15,6,32,50,128,/wnba/players/w/willojo01w.html,https://www.basketball-reference.com/wnba/players/w/willojo01w.html,willojo01w
A'ja Wilson,LVA,C,22,697,22,166,346,.480,0,0,,166,346,.480,118,151,.781,34,188,45,27,44,35,49,450,/wnba/players/w/wilsoa01w.html,https://www.basketball-reference.com/wnba/players/w/wilsoa01w.html,wilsoa01w
Jackie Young,LVA,G,22,568,0,93,189,.492,3,13,.231,90,176,.511,52,61,.852,18,95,67,15,2,35,39,241,/wnba/players/y/youngja01w.html,https://www.basketball-reference.com/wnba/players/y/youngja01w.html,youngja01w
Amanda Zahui B.,NYL,C,21,531,20,65,184,.353,34,100,.340,31,84,.369,25,36,.694,15,178,40,19,26,54,65,189,/wnba/players/z/zahuiam01w.html,https://www.basketball-reference.com/wnba/players/z/zahuiam01w.html,zahuiam01w
Essence Carson,TOT,G,21,291,2,30,99,.303,12,44,.273,18,55,.327,6,10,.600,7,35,12,9,2,16,21,78,/wnba/players/c/carsoes01w.html,https://www.basketball-reference.com/wnba/players/c/carsoes01w.html,carsoes01w
Jacki Gemelos,TOT,G,18,222,1,19,56,.339,9,35,.257,10,21,.476,2,4,.500,3,19,15,6,1,12,18,49,/wnba/players/g/gemelja01w.html,https://www.basketball-reference.com/wnba/players/g/gemelja01w.html,gemelja01w
Megan Huff,TOT,F,7,16,0,0,3,.000,0,1,.000,0,2,.000,0,0,,2,4,1,0,0,3,3,0,/wnba/players/h/huffme01w.html,https://www.basketball-reference.com/wnba/players/h/huffme01w.html,huffme01w
Alisia Jenkins,TOT,F,5,28,0,2,8,.250,0,3,.000,2,5,.400,4,6,.667,0,4,0,0,0,3,3,8,/wnba/players/j/jenkial01w.html,https://www.basketball-reference.com/wnba/players/j/jenkial01w.html,jenkial01w
Stella Johnson,TOT,G,9,100,2,16,34,.471,9,14,.643,7,20,.350,5,5,1.000,4,12,12,6,2,4,11,46,/wnba/players/j/johnsst01w.html,https://www.basketball-reference.com/wnba/players/j/johnsst01w.html,johnsst01w
Stephanie Mavunga,TOT,F,10,95,0,13,29,.448,0,5,.000,13,24,.542,9,11,.818,10,33,5,1,2,11,11,35,/wnba/players/m/mavunst01w.html,https://www.basketball-reference.com/wnba/players/m/mavunst01w.html,mavunst01w
Erica McCall,TOT,F,20,183,0,16,45,.356,1,4,.250,15,41,.366,18,22,.818,23,49,3,7,7,9,24,51,/wnba/players/m/mccaler01w.html,https://www.basketball-reference.com/wnba/players/m/mccaler01w.html,mccaler01w
Shey Peddy,TOT,G,17,257,0,19,63,.302,4,34,.118,15,29,.517,22,22,1.000,9,35,30,19,1,15,22,64,/wnba/players/p/peddysh01w.html,https://www.basketball-reference.com/wnba/players/p/peddysh01w.html,peddysh01w
Essence Carson,WAS,G,10,168,0,17,59,.288,6,23,.261,11,36,.306,3,6,.500,6,18,5,5,1,10,9,43,/wnba/players/c/carsoes01w.html,https://www.basketball-reference.com/wnba/players/c/carsoes01w.html,carsoes01w
Jacki Gemelos,CON,G,6,29,0,4,8,.500,3,6,.500,1,2,.500,0,0,,0,2,1,2,0,3,5,11,/wnba/players/g/gemelja01w.html,https://www.basketball-reference.com/wnba/players/g/gemelja01w.html,gemelja01w
Megan Huff,MIN,F,3,5,0,0,1,.000,0,0,,0,1,.000,0,0,,2,3,1,0,0,0,1,0,/wnba/players/h/huffme01w.html,https://www.basketball-reference.com/wnba/players/h/huffme01w.html,huffme01w
Alisia Jenkins,IND,F,1,2,0,0,0,,0,0,,0,0,,0,0,,0,1,0,0,0,0,0,0,/wnba/players/j/jenkial01w.html,https://www.basketball-reference.com/wnba/players/j/jenkial01w.html,jenkial01w
Stella Johnson,CHI,G,4,6,0,0,1,.000,0,0,,0,1,.000,0,0,,0,2,0,1,0,0,1,0,/wnba/players/j/johnsst01w.html,https://www.basketball-reference.com/wnba/players/j/johnsst01w.html,johnsst01w
Stephanie Mavunga,IND,F,5,59,0,8,18,.444,0,2,.000,8,16,.500,9,11,.818,7,20,3,0,2,5,3,25,/wnba/players/m/mavunst01w.html,https://www.basketball-reference.com/wnba/players/m/mavunst01w.html,mavunst01w
Erica McCall,ATL,F,1,5,0,0,0,,0,0,,0,0,,0,0,,0,2,0,1,0,0,1,0,/wnba/players/m/mccaler01w.html,https://www.basketball-reference.com/wnba/players/m/mccaler01w.html,mccaler01w
Shey Peddy,WAS,G,9,116,0,9,29,.310,2,15,.133,7,14,.500,12,12,1.000,2,11,11,7,0,8,8,32,/wnba/players/p/peddysh01w.html,https://www.basketball-reference.com/wnba/players/p/peddysh01w.html,peddysh01w
Essence Carson,CON,G,11,123,2,13,40,.325,6,21,.286,7,19,.368,3,4,.750,1,17,7,4,1,6,12,35,/wnba/players/c/carsoes01w.html,https://www.basketball-reference.com/wnba/players/c/carsoes01w.html,carsoes01w
Jacki Gemelos,WAS,G,12,193,1,15,48,.313,6,29,.207,9,19,.474,2,4,.500,3,17,14,4,1,9,13,38,/wnba/players/g/gemelja01w.html,https://www.basketball-reference.com/wnba/players/g/gemelja01w.html,gemelja01w
Megan Huff,LVA,F,4,11,0,0,2,.000,0,1,.000,0,1,.000,0,0,,0,1,0,0,0,3,2,0,/wnba/players/h/huffme01w.html,https://www.basketball-reference.com/wnba/players/h/huffme01w.html,huffme01w
Alisia Jenkins,CHI,F,2,3,0,0,0,,0,0,,0,0,,0,0,,0,0,0,0,0,0,0,0,/wnba/players/j/jenkial01w.html,https://www.basketball-reference.com/wnba/players/j/jenkial01w.html,jenkial01w
Stella Johnson,WAS,G,5,94,2,16,33,.485,9,14,.643,7,19,.368,5,5,1.000,4,10,12,5,2,4,10,46,/wnba/players/j/johnsst01w.html,https://www.basketball-reference.com/wnba/players/j/johnsst01w.html,johnsst01w
Stephanie Mavunga,CHI,F,5,36,0,5,11,.455,0,3,.000,5,8,.625,0,0,,3,13,2,1,0,6,8,10,/wnba/players/m/mavunst01w.html,https://www.basketball-reference.com/wnba/players/m/mavunst01w.html,mavunst01w
Erica McCall,MIN,F,19,178,0,16,45,.356,1,4,.250,15,41,.366,18,22,.818,23,47,3,6,7,9,23,51,/wnba/players/m/mccaler01w.html,https://www.basketball-reference.com/wnba/players/m/mccaler01w.html,mccaler01w
Shey Peddy,PHO,G,8,141,0,10,34,.294,2,19,.105,8,15,.533,10,10,1.000,7,24,19,12,1,7,14,32,/wnba/players/p/peddysh01w.html,https://www.basketball-reference.com/wnba/players/p/peddysh01w.html,peddysh01w
Alisia Jenkins,PHO,F,2,23,0,2,8,.250,0,3,.000,2,5,.400,4,6,.667,0,3,0,0,0,3,3,8,/wnba/players/j/jenkial01w.html,https://www.basketball-reference.com/wnba/players/j/jenkial01w.html,jenkial01w
