EntityId,TeamId,Name,ShortName,RowId,TeamAbbreviation,SecondsPlayed,GamesPlayed,Minutes,PlusMinus,OffPoss,DefPoss,PenaltyDefPoss,TotalPoss,ShortMidRangeFGM,ShortMidRangeFGA,LongMidRangeFGA,FG2M,FG2A,FtPoints,Points,OpponentPoints,PtsUnassisted2s,Steals,BadPassSteals,LiveBallTurnovers,BadPassTurnovers,Turnovers,FoulsDrawn,FTA,TwoPtShootingFoulsDrawn,FirstChancePoints,Fg2Pct,EfgPct,TsPct,LiveBallTurnoverPct,Pace,SecondsPerPossOff,SecondsPerPossDef,SecondsExcludingORebsPerPossOff,SecondsExcludingORebsPerPossDef,ShortMidRangeFrequency,ShortMidRangeAccuracy,UnblockedShortMidRangeAccuracy,LongMidRangeFrequency,ShotQualityAvg,ShootingFoulsDrawnPct,TwoPtShootingFoulsDrawnPct,Avg2ptShotDistance,PenaltyOffPoss,AtRimFGM,AtRimFGA,PenaltyAtRimFGM,PenaltyAtRimFGA,Arc3FGM,Arc3FGA,PenaltyArc3FGM,PenaltyArc3FGA,FG3M,FG3A,PenaltyFG2M,PenaltyFG2A,PenaltyFG3M,PenaltyFG3A,PenaltyPoints,PtsAssisted2s,PtsAssisted3s,NonHeaveArc3FGA,NonHeaveArc3FGM,TwoPtAssists,ThreePtAssists,Assists,Arc3Assists,AtRimAssists,AssistPoints,DefThreePtRebounds,DefRebounds,Rebounds,LostBallSteals,BadPassOutOfBoundsTurnovers,DeadBallTurnovers,PenaltyTurnovers,PenaltyPointsExcludingTakeFouls,PenaltyOffPossExcludingTakeFouls,Assisted2sPct,NonPutbacksAssisted2sPct,Assisted3sPct,Fg3Pct,PenaltyFg3Pct,NonHeaveFg3Pct,PenaltyFg2Pct,PenaltyEfgPct,PenaltyTsPct,FG3APct,DefThreePtReboundPct,DefFGReboundPct,DefArc3ReboundPct,AtRimFrequency,AtRimAccuracy,UnblockedAtRimAccuracy,AtRimPctAssisted,Arc3Frequency,Arc3Accuracy,UnblockedArc3Accuracy,Arc3PctAssisted,PenaltyAtRimFrequency,PenaltyAtRimAccuracy,PenaltyArc3Frequency,PenaltyArc3Accuracy,AtRimFG3AFrequency,NonHeaveArc3Accuracy,PenaltyShotQualityAvg,PenaltyPointsPct,Avg3ptShotDistance,PenaltyOffPossPct,PtsUnassisted3s,SecondChanceOffPoss,SecondChanceAtRimFGM,SecondChanceAtRimFGA,LongMidRangeFGM,SecondChanceFG2M,SecondChanceFG2A,SecondChanceFtPoints,SecondChancePoints,PenaltyFtPoints,LongMidRangeAssists,OffTwoPtRebounds,OffRebounds,LostBallOutOfBoundsTurnovers,ShootingFouls,Fouls,Charge Fouls,2pt And 1 Free Throw Trips,Blocked2s,BlockedAtRim,BlockedLongMidRange,Blocks,NonShootingPenaltyNonTakeFouls,SecondChanceFg2Pct,SecondChanceEfgPct,SecondChanceTsPct,OffTwoPtReboundPct,OffFGReboundPct,OffAtRimReboundPct,OffLongMidRangeReboundPct,DefCorner3ReboundPct,LongMidRangeAccuracy,UnblockedLongMidRangeAccuracy,LongMidRangePctAssisted,SecondChanceAtRimFrequency,SecondChanceAtRimAccuracy,SecondChanceAtRimPctAssisted,SecondChanceShotQualityAvg,SecondChancePointsPct,DefTwoPtRebounds,DefTwoPtReboundPct,DefAtRimReboundPct,DefShortMidRangeReboundPct,PtsPutbacks,LostBallTurnovers,Offensive Fouls,OffShortMidRangeReboundPct,SecondChanceArc3FGM,SecondChanceArc3FGA,SecondChanceFG3M,SecondChanceFG3A,ShortMidRangeAssists,BlockingFouls,Offensive Fouls Drawn,BlockedShortMidRange,RecoveredBlocks,SecondChanceFg3Pct,DefLongMidRangeReboundPct,BlocksRecoveredPct,ShortMidRangePctAssisted,SecondChanceArc3Frequency,SecondChanceArc3Accuracy,Corner3FGA,PenaltyCorner3FGA,Fg2aBlocked,OffThreePtRebounds,SelfOReb,Travels,SecondChanceTurnovers,Loose Ball Fouls,Loose Ball Fouls Drawn,BlockingFoulsDrawn,NonShootingFoulsDrawn,NonShootingPenaltyNonTakeFoulsDrawn,FG2APctBlocked,AtRimPctBlocked,ShortMidRangePctBlocked,OffThreePtReboundPct,OffArc3ReboundPct,OffCorner3ReboundPct,SelfORebPct,Corner3Frequency,SecondChanceArc3PctAssisted,PenaltyCorner3Frequency,HeaveMakes,HeaveAttempts,Corner3FGM,PenaltyCorner3FGM,Corner3Assists,Corner3Accuracy,UnblockedCorner3Accuracy,Corner3PctAssisted,PenaltyCorner3Accuracy,FTDefRebounds,DefFTReboundPct,Blocked3s,BlockedArc3,team_id,year,season,team_vs
100396-100928-100949-201496-201911,1611661320,"DeLisha Milton-Jones, Ebony Hoffman, Alana Beard, Candace Parker, Kristi Toliver","Milton-Jones, Hoffman, Beard, Parker, Toliver",100396-100928-100949-201496-201911,LAS,73.0,1,1.0,-2.0,3.0,3,3.0,6,1.0,1.0,1.0,1.0,2.0,1.0,3.0,5.0,2.0,1.0,1.0,1.0,1.0,1.0,1.0,2.0,1.0,3.0,0.5,0.5,0.5,1.0,118.35616438356165,11.0,13.333333333333334,11.0,13.333333333333334,0.5,1.0,1.0,0.5,0.38305,0.3333333333333333,0.3333333333333333,16.15,,,,,,,,,,,,,,,,,,,,,,,,,,,,,,,,,,,,,,,,,,,,,,,,,,,,,,,,,,,,,,,,,,,,,,,,,,,,,,,,,,,,,,,,,,,,,,,,,,,,,,,,,,,,,,,,,,,,,,,,,,,,,,,,,,,,,,,,,,,,,,,,,,,,,,,,,,,,,,,,,,,,1611661320,2012,2012,False
100396-100928-100949-201496-202626,1611661320,"DeLisha Milton-Jones, Ebony Hoffman, Alana Beard, Candace Parker, Jenna O'Hea","Milton-Jones, Hoffman, Beard, Parker, O'Hea",100396-100928-100949-201496-202626,LAS,81.0,1,1.0,,4.0,4,4.0,8,,,,1.0,1.0,,5.0,5.0,,1.0,,,,1.0,,,,5.0,1.0,1.25,1.25,,142.2222222222222,6.75,13.5,6.75,13.5,,,,,0.65795,,,0.9,3.0,1.0,1.0,1.0,1.0,1.0,1.0,1.0,1.0,1.0,1.0,1.0,1.0,1.0,1.0,5.0,2.0,3.0,1.0,1.0,1.0,1.0,2.0,1.0,1.0,5.0,1.0,1.0,1.0,1.0,1.0,1.0,1.0,5.0,3.0,1.0,1.0,1.0,1.0,1.0,1.0,1.0,1.25,1.25,0.5,0.5,0.5,1.0,0.5,1.0,1.0,1.0,0.5,1.0,1.0,1.0,0.5,1.0,0.5,1.0,1.0,1.0,0.65795,1.0,21.4,0.75,,,,,,,,,,,,,,,,,,,,,,,,,,,,,,,,,,,,,,,,,,,,,,,,,,,,,,,,,,,,,,,,,,,,,,,,,,,,,,,,,,,,,,,,,,,,,,,,,,1611661320,2012,2012,False
100396-100928-100949-201911-203014,1611661320,"DeLisha Milton-Jones, Ebony Hoffman, Alana Beard, Kristi Toliver, Nneka Ogwumike","Milton-Jones, Hoffman, Beard, Toliver, Ogwumike",100396-100928-100949-201911-203014,LAS,68.0,1,1.0,-1.0,2.0,2,2.0,4,,1.0,,,1.0,,3.0,4.0,,,,,,,1.0,,,3.0,,0.75,0.75,,84.70588235294117,21.5,12.5,21.5,11.5,0.5,,,,0.475975,,,10.1,,,,,,1.0,1.0,,,1.0,1.0,,,,,,,,1.0,1.0,,,,,,,,,,,,,,,,,,,1.0,,1.0,,,,0.5,,,,,,,,0.5,1.0,1.0,,,,,,0.5,1.0,,,21.5,,3.0,,,,,,,,,,,,,,,,,,,,,,,,,,,,,,,,,,,,,,,,,,,,,,,,,,,,,,,,,,,,,,,,,,,,,,,,,,,,,,,,,,,,,,,,,,,,,,,,,1611661320,2012,2012,False
100396-100949-201496-201500-201911,1611661320,"DeLisha Milton-Jones, Alana Beard, Candace Parker, Nicky Anosike, Kristi Toliver","Milton-Jones, Beard, Parker, Anosike, Toliver",100396-100949-201496-201500-201911,LAS,434.0,3,7.0,-2.0,15.0,16,10.0,31,1.0,2.0,3.0,4.0,8.0,5.0,13.0,15.0,2.0,2.0,1.0,1.0,1.0,5.0,4.0,7.0,4.0,9.0,0.5,0.4444444444444444,0.5416666666666666,0.2,102.85714285714286,12.8,15.125,12.666666666666666,12.6875,0.2222222222222222,0.5,0.5,0.3333333333333333,0.43187777777777775,0.3333333333333333,0.36363636363636365,8.975,7.0,2.0,3.0,,,,1.0,,1.0,,1.0,1.0,1.0,,1.0,5.0,6.0,,1.0,,3.0,,3.0,,2.0,6.0,3.0,3.0,5.0,1.0,1.0,4.0,3.0,5.0,7.0,0.75,0.75,,,,,1.0,0.5,0.625,0.1111111111111111,0.6,0.3333333333333333,0.5,0.3333333333333333,0.6666666666666666,0.6666666666666666,1.0,0.1111111111111111,,,,,,0.5,,0.4444444444444444,,0.40345,0.38461538461538464,21.4,0.4666666666666667,,2.0,1.0,1.0,1.0,1.0,1.0,2.0,4.0,3.0,1.0,2.0,2.0,2.0,3.0,6.0,1.0,1.0,2.0,1.0,1.0,2.0,2.0,1.0,1.0,1.0,0.5,0.4,1.0,0.5,1.0,0.3333333333333333,0.3333333333333333,1.0,1.0,1.0,1.0,0.6096,0.3076923076923077,,,,,,,,,,,,,,,,,,,,,,,,,,,,,,,,,,,,,,,,,,,,,,,,,,,,,,,,,,,1611661320,2012,2012,False
100396-100949-201496-201500-202626,1611661320,"DeLisha Milton-Jones, Alana Beard, Candace Parker, Nicky Anosike, Jenna O'Hea","Milton-Jones, Beard, Parker, Anosike, O'Hea",100396-100949-201496-201500-202626,LAS,116.0,1,2.0,-1.0,4.0,5,,9,,,1.0,1.0,3.0,1.0,3.0,4.0,,,,,,,2.0,2.0,1.0,3.0,0.3333333333333333,0.3333333333333333,0.375,,111.72413793103448,15.0,11.2,15.0,11.2,,,,0.3333333333333333,0.4935333333333333,0.25,0.25,7.533333333333334,,1.0,2.0,,,,,,,,,,,,,,2.0,,,,1.0,,1.0,,1.0,2.0,,3.0,3.0,,,,,,,1.0,1.0,,,,,,,,,,1.0,,0.6666666666666666,0.5,0.5,1.0,,,,,,,,,0.6666666666666666,,,,,,,,,,,,,,,,,,,,1.0,1.0,,,,,,,,,,,,,,,,,,,,,,,,3.0,1.0,1.0,1.0,,,,,,,,,,,,,,,,,,,,,,,,,,,,,,,,,,,,,,,,,,,,,,,,,,,,,,,1611661320,2012,2012,False
100396-100949-201496-201911-202626,1611661320,"DeLisha Milton-Jones, Alana Beard, Candace Parker, Kristi Toliver, Jenna O'Hea","Milton-Jones, Beard, Parker, Toliver, O'Hea",100396-100949-201496-201911-202626,LAS,138.0,1,2.0,-2.0,5.0,5,,10,1.0,2.0,,3.0,4.0,,6.0,8.0,6.0,1.0,,1.0,,2.0,,,,4.0,0.75,0.75,0.75,0.5,104.34782608695653,14.8,12.8,14.8,12.8,0.5,0.5,0.5,,0.564675,,,7.9,,2.0,2.0,,,,,,,,,,,,,,,,,,,,,,,,,,1.0,1.0,,1.0,,,,,,,,,,,,,,,,,0.5,1.0,1.0,,,,,,,,,,0.5,,,,,,,1.0,1.0,1.0,,1.0,1.0,,2.0,,,1.0,1.0,,,2.0,,,,,,,,1.0,1.0,1.0,1.0,1.0,,,,,,,1.0,1.0,,0.6768,0.3333333333333333,,,,,2.0,1.0,1.0,1.0,,,,,,,,,,,,,,,,,,,,,,,,,,,,,,,,,,,,,,,,,,,,,,,,,,,1611661320,2012,2012,False
100396-100949-201496-201911-202650,1611661320,"DeLisha Milton-Jones, Alana Beard, Candace Parker, Kristi Toliver, Jantel Lavender","Milton-Jones, Beard, Parker, Toliver, Lavender",100396-100949-201496-201911-202650,LAS,376.0,1,6.0,8.0,11.0,12,1.0,23,1.0,1.0,,8.0,9.0,2.0,24.0,16.0,10.0,1.0,1.0,1.0,,1.0,4.0,2.0,2.0,21.0,0.8888888888888888,1.0,1.0909090909090908,1.0,88.08510638297872,14.363636363636363,18.166666666666668,14.0,16.833333333333332,0.09090909090909091,1.0,1.0,,0.6351045454545455,0.18181818181818182,0.2222222222222222,1.7444444444444445,,7.0,8.0,,,2.0,2.0,,,2.0,2.0,,,,,,6.0,3.0,2.0,2.0,3.0,1.0,4.0,1.0,2.0,9.0,,3.0,4.0,,,,,,,0.375,0.375,0.5,1.0,,1.0,,,,0.18181818181818182,,0.5,,0.7272727272727273,0.875,0.875,0.2857142857142857,0.18181818181818182,1.0,1.0,0.5,,,,,0.9090909090909091,1.0,,,21.7,,3.0,1.0,,,,,,,3.0,,,1.0,1.0,,2.0,4.0,,2.0,1.0,,,1.0,,,1.5,1.5,1.0,1.0,1.0,,,,,,,,,0.55695,0.125,3.0,0.6,,0.5,,1.0,,,1.0,1.0,1.0,1.0,1.0,1.0,1.0,1.0,1.0,1.0,0.6666666666666666,1.0,1.0,1.0,1.0,,,,,,,,,,,,,,,,,,,,,,,,,,,,,,,,,,,,1611661320,2012,2012,False
100396-100949-201496-201911-203014,1611661320,"DeLisha Milton-Jones, Alana Beard, Candace Parker, Kristi Toliver, Nneka Ogwumike","Milton-Jones, Beard, Parker, Toliver, Ogwumike",100396-100949-201496-201911-203014,LAS,3784.0,4,63.0,-2.0,120.0,115,11.0,235,10.0,24.0,24.0,45.0,88.0,23.0,128.0,130.0,50.0,11.0,9.0,12.0,8.0,19.0,25.0,33.0,13.0,98.0,0.5113636363636364,0.481651376146789,0.512,0.631578947368421,89.4291754756871,15.058333333333334,17.191304347826087,14.241666666666667,15.965217391304348,0.22018348623853212,0.4166666666666667,0.43478260869565216,0.22018348623853212,0.47553440366972477,0.10743801652892562,0.13,7.986363636363635,18.0,24.0,40.0,3.0,6.0,5.0,18.0,1.0,2.0,5.0,21.0,6.0,11.0,1.0,4.0,23.0,40.0,12.0,18.0,5.0,20.0,4.0,24.0,4.0,12.0,52.0,10.0,34.0,58.0,2.0,2.0,7.0,2.0,23.0,18.0,0.4444444444444444,0.5263157894736842,0.8,0.23809523809523808,0.25,0.23809523809523808,0.5454545454545454,0.5,0.6052631578947368,0.1926605504587156,0.625,0.576271186440678,0.6,0.3669724770642202,0.6,0.631578947368421,0.5,0.1651376146788991,0.2777777777777778,0.2777777777777778,0.8,0.4,0.5,0.13333333333333333,0.5,0.5596330275229358,0.2777777777777778,0.48234666666666665,0.1796875,23.104761904761904,0.15,3.0,20.0,6.0,11.0,11.0,10.0,17.0,4.0,30.0,8.0,5.0,16.0,24.0,2.0,8.0,24.0,,1.0,7.0,5.0,,7.0,,0.5882352941176471,0.6842105263157895,0.6818181818181818,0.3902439024390244,0.42857142857142855,0.375,0.4166666666666667,1.0,0.4583333333333333,0.4583333333333333,0.45454545454545453,0.5789473684210527,0.5454545454545454,,0.547534375,0.234375,24.0,0.5581395348837209,0.47058823529411764,0.5882352941176471,14.0,4.0,2.0,0.38461538461538464,2.0,2.0,2.0,2.0,3.0,1.0,2.0,2.0,1.0,1.0,0.6666666666666666,0.14285714285714285,0.3,0.10526315789473684,1.0,3.0,2.0,3.0,8.0,1.0,1.0,2.0,5.0,1.0,1.0,4.0,5.0,0.03409090909090909,0.05,0.041666666666666664,0.5333333333333333,0.5833333333333334,0.3333333333333333,0.018867924528301886,0.027522935779816515,1.0,0.13333333333333333,,,,,,,,,,,,,,1611661320,2012,2012,False
100396-100949-201496-202626-202650,1611661320,"DeLisha Milton-Jones, Alana Beard, Candace Parker, Jenna O'Hea, Jantel Lavender","Milton-Jones, Beard, Parker, O'Hea, Lavender",100396-100949-201496-202626-202650,LAS,113.0,1,2.0,-2.0,4.0,2,,6,,,1.0,1.0,2.0,,2.0,4.0,2.0,,,1.0,1.0,2.0,,,,2.0,0.5,0.5,0.5,0.5,76.46017699115045,15.25,26.0,15.25,26.0,,,,0.5,0.4667,,,9.25,,1.0,1.0,,,,,,,,,,,,,,,,,,,,,,,,,,,,,1.0,,,,,,,,,,,,,,,,,0.5,1.0,1.0,,,,,,,,,,0.5,,,,,,,,,,,,,,,,,,,1.0,,2.0,,,,,,,,,,,,,,,,,,,,,,,,,,,,,,,,,,,,,,,,,,,,,,,,,,,,,,,,,,,,,,,,,,,,,,,,,,,,,,,,,,1611661320,2012,2012,False
100396-100949-201911-202626-203014,1611661320,"DeLisha Milton-Jones, Alana Beard, Kristi Toliver, Jenna O'Hea, Nneka Ogwumike","Milton-Jones, Beard, Toliver, O'Hea, Ogwumike",100396-100949-201911-202626-203014,LAS,127.0,1,2.0,-6.0,4.0,5,2.0,9,,,1.0,,2.0,,,6.0,,,,,,,,,,,,,,,102.04724409448819,18.75,10.4,18.75,10.4,,,,0.25,0.5122,,,8.9,,,1.0,,,,2.0,,,,2.0,,,,,,,,2.0,,,,,,,,2.0,2.0,2.0,,,,,,,,,,,,,,,,0.5,1.0,0.6666666666666666,1.0,0.25,,,,0.5,,,,,,,,0.75,,,,21.3,,,,,,,,,,,,,,,,1.0,2.0,,,,,,,1.0,,,,,,,,,,,,,,,,,,,,,,,,,,,,,,,,,,,,,,,,,,1.0,,,,,1.0,,,,,0.5,1.0,,,,,,,,,,,,,,,,,,,,,,1611661320,2012,2012,False
100396-100949-201911-202650-203014,1611661320,"DeLisha Milton-Jones, Alana Beard, Kristi Toliver, Jantel Lavender, Nneka Ogwumike","Milton-Jones, Beard, Toliver, Lavender, Ogwumike",100396-100949-201911-202650-203014,LAS,139.0,1,2.0,-1.0,4.0,4,,8,,,1.0,1.0,2.0,1.0,3.0,4.0,2.0,,,1.0,,1.0,1.0,2.0,1.0,3.0,0.5,0.5,0.5,1.0,82.87769784172662,15.25,19.5,15.25,18.0,,,,0.5,0.4878,0.3333333333333333,0.3333333333333333,8.45,,1.0,1.0,,,,,,,,,,,,,,,,,,,,,,,,,,,,,,,,,,,,,,,,,,,,,,0.5,1.0,1.0,,,,,,,,,,0.5,,,,,,,,,,,,,,,,,,,,1.0,1.0,,,,,,,,,,,,,,,,,,,,,,,,,,,,,1.0,,,,,,,,,,,,,,,,,,,,,,,,,,,,,,,,,,,,,,,,,,,,,,,,,,,,,1611661320,2012,2012,False
100396-201496-201500-201911-202626,1611661320,"DeLisha Milton-Jones, Candace Parker, Nicky Anosike, Kristi Toliver, Jenna O'Hea","Milton-Jones, Parker, Anosike, Toliver, O'Hea",100396-201496-201500-201911-202626,LAS,98.0,1,2.0,-5.0,3.0,3,3.0,6,,1.0,,,1.0,,,5.0,,,,,,2.0,,,,,,,,,88.16326530612245,21.666666666666668,11.0,18.333333333333332,11.0,0.5,,,,0.45165,,,10.8,,,,,,,,,,,1.0,,,,,,,,,,,,,,,,,,1.0,,2.0,2.0,,,,,,,,,,,,,0.5,,,,,,,,,,,,,,,,0.5,,,,22.4,,,1.0,,,,,,,,,,,1.0,,,,,,1.0,,,1.0,,,,,,0.5,,,,,,,,,,,,,,,,,,,,,,,,,,,1.0,,,,,,,,1.0,,,1.0,,,1.0,,,,,,,,,1.0,,1.0,,0.5,,,,,,,,,,,,,,,,1611661320,2012,2012,False
100396-201496-201911-202626-202650,1611661320,"DeLisha Milton-Jones, Candace Parker, Kristi Toliver, Jenna O'Hea, Jantel Lavender","Milton-Jones, Parker, Toliver, O'Hea, Lavender",100396-201496-201911-202626-202650,LAS,268.0,1,4.0,-2.0,9.0,9,8.0,18,,2.0,1.0,1.0,5.0,,8.0,10.0,,,,1.0,1.0,2.0,1.0,,,6.0,0.2,0.5,0.5,0.5,96.71641791044776,16.88888888888889,12.88888888888889,15.555555555555555,11.11111111111111,0.25,,,0.125,0.4453642857142857,,,8.14,5.0,1.0,2.0,1.0,2.0,2.0,3.0,1.0,2.0,2.0,3.0,1.0,3.0,1.0,2.0,5.0,2.0,,1.0,1.0,1.0,,1.0,,1.0,2.0,,4.0,5.0,,1.0,1.0,1.0,5.0,5.0,1.0,1.0,,0.6666666666666666,0.5,0.5,0.3333333333333333,0.5,0.5,0.375,,1.0,,0.25,0.5,0.5,1.0,0.375,0.6666666666666666,0.6666666666666666,,0.4,0.5,0.4,0.5,0.625,1.0,0.47919,0.625,29.46666666666667,0.5555555555555556,6.0,1.0,1.0,1.0,,1.0,1.0,,2.0,,,,1.0,,1.0,2.0,,,1.0,1.0,,1.0,1.0,1.0,1.0,1.0,,0.2,,,,,,,1.0,1.0,1.0,,0.25,4.0,1.0,1.0,,,,,,,,,,,,,,1.0,,1.0,1.0,,,,,,,1.0,,,,1.0,,,,,,,,1.0,1.0,,,,,,1.0,1.0,,,,,,,,,,,,1611661320,2012,2012,False
100396-201496-201911-202626-203014,1611661320,"DeLisha Milton-Jones, Candace Parker, Kristi Toliver, Jenna O'Hea, Nneka Ogwumike","Milton-Jones, Parker, Toliver, O'Hea, Ogwumike",100396-201496-201911-202626-203014,LAS,87.0,1,1.0,-4.0,2.0,3,,5,,,,,,,,4.0,,,,1.0,,2.0,2.0,,,,,,,0.5,82.75862068965517,21.5,14.666666666666666,15.5,6.0,,,,,0.58515,,,,,,,,,,1.0,,,,1.0,,,,,,,,1.0,,,,,,,,1.0,1.0,2.0,,,1.0,,,,,,,,,,,,,1.0,1.0,0.5,1.0,,,,,1.0,,,,,,,,1.0,,,,21.8,,,1.0,,,,,,,,,,,1.0,,,,,,,,,,,,,,,1.0,,,,,,,,,,,,,,,,,1.0,,,,,,,,,,,,,,,,,,,,,1.0,,1.0,1.0,,1.0,,,,,,,1.0,1.0,,,,,,,,,,,,,,,,,,,1611661320,2012,2012,False
100396-201911-202626-202650-203014,1611661320,"DeLisha Milton-Jones, Kristi Toliver, Jenna O'Hea, Jantel Lavender, Nneka Ogwumike","Milton-Jones, Toliver, O'Hea, Lavender, Ogwumike",100396-201911-202626-202650-203014,LAS,170.0,1,3.0,,7.0,7,1.0,14,1.0,1.0,1.0,3.0,4.0,3.0,9.0,9.0,4.0,2.0,1.0,2.0,,2.0,3.0,4.0,2.0,9.0,0.75,0.75,0.9,1.0,118.58823529411764,12.0,12.285714285714286,11.714285714285714,12.0,0.25,1.0,1.0,0.25,0.4612,0.5,0.5,7.9,5.0,2.0,2.0,1.0,1.0,,,,,,,1.0,2.0,,,3.0,2.0,,,,1.0,,1.0,,1.0,2.0,,1.0,2.0,1.0,,,2.0,3.0,5.0,0.3333333333333333,0.3333333333333333,,,,,0.5,0.5,0.5,,,0.5,,0.5,1.0,1.0,0.5,,,,,0.5,1.0,,,0.5,,0.4546,0.3333333333333333,,0.7142857142857143,,1.0,,,,,,,,1.0,,1.0,1.0,,,2.0,,2.0,,,,,1.0,,,,1.0,1.0,,1.0,,,,,,,,,,1.0,0.5,,1.0,,2.0,,,,,,,,1.0,,,,,,,,,,,,,,,,,,,,1.0,1.0,,,,,,,,,,,,,,,,,,,,,,,,1611661320,2012,2012,False
100928-100949-201496-201889-201911,1611661320,"Ebony Hoffman, Alana Beard, Candace Parker, Marissa Coleman, Kristi Toliver","Hoffman, Beard, Parker, Coleman, Toliver",100928-100949-201496-201889-201911,LAS,237.0,1,4.0,3.0,7.0,7,,14,1.0,3.0,1.0,3.0,6.0,,9.0,6.0,4.0,,,1.0,1.0,1.0,1.0,,,7.0,0.5,0.6428571428571429,0.6428571428571429,1.0,85.0632911392405,14.714285714285714,19.142857142857142,12.0,19.142857142857142,0.42857142857142855,0.3333333333333333,0.3333333333333333,0.14285714285714285,0.4279428571428571,,,8.933333333333334,,1.0,2.0,,,1.0,1.0,,,1.0,1.0,,,,,,2.0,3.0,1.0,1.0,1.0,1.0,2.0,1.0,,5.0,1.0,3.0,4.0,,,,,,,0.3333333333333333,0.3333333333333333,1.0,1.0,,1.0,,,,0.14285714285714285,1.0,1.0,1.0,0.2857142857142857,0.5,0.5,,0.14285714285714285,1.0,1.0,1.0,,,,,0.42857142857142855,1.0,,,22.9,,,2.0,,,1.0,1.0,2.0,,2.0,,1.0,1.0,1.0,,,1.0,,,,,,,,0.5,0.5,0.5,0.3333333333333333,0.3333333333333333,,,,1.0,1.0,1.0,,,,0.3373,0.2222222222222222,2.0,1.0,1.0,,,,,0.5,,,,,,,,,,,,,,,,,,,,,,,,,1.0,,,,,,,,,,,,,,,,,,,,,,,,,,1611661320,2012,2012,False
100928-100949-201496-201889-202626,1611661320,"Ebony Hoffman, Alana Beard, Candace Parker, Marissa Coleman, Jenna O'Hea","Hoffman, Beard, Parker, Coleman, O'Hea",100928-100949-201496-201889-202626,LAS,7.0,1,,,,1,,1,,1.0,,,1.0,,,,,1.0,,,,,,,,,,,,,205.71428571428572,,,,,1.0,,,,0.4648,,,8.8,,,,,,,,,,,,,,,,,,,,,,,,,,,,,1.0,1.0,,,,,,,,,,,,,,,,,,,,,,,,,,,,,,,,,,,,,,,,,,,,,,,,1.0,1.0,,,,,,,,,,,,,,1.0,1.0,,,,,,,,,,,,,,,,,,,1.0,,,,,,,,,,,,,,,,,,1.0,,,,,,,,,,1.0,,1.0,,,,,,,,,,,,,,,,,,,,,1611661320,2012,2012,False
100928-201889-201911-202626-203014,1611661320,"Ebony Hoffman, Marissa Coleman, Kristi Toliver, Jenna O'Hea, Nneka Ogwumike","Hoffman, Coleman, Toliver, O'Hea, Ogwumike",100928-201889-201911-202626-203014,LAS,132.0,1,2.0,-2.0,4.0,5,3.0,9,,,,,,2.0,5.0,7.0,,,,,,,1.0,2.0,1.0,5.0,,0.5,0.625,,98.18181818181817,10.5,18.0,10.5,18.0,,,,,0.5215500000000001,0.25,1.0,,4.0,,,,,1.0,3.0,1.0,3.0,1.0,3.0,,,1.0,3.0,5.0,,3.0,3.0,1.0,,1.0,1.0,1.0,,3.0,,1.0,1.0,,,,,5.0,4.0,,,1.0,0.3333333333333333,0.3333333333333333,0.3333333333333333,,0.5,0.625,1.0,,1.0,,,,,,1.0,0.3333333333333333,0.3333333333333333,1.0,,,1.0,0.3333333333333333,1.0,0.3333333333333333,0.5215500000000001,1.0,22.2,1.0,,,,,,,,,,2.0,,,,,,1.0,,,,,,,,,,,,,,,,,,,,,,,,1.0,1.0,,1.0,,,,,,,,,,,,,,,,,,,,,,,,,,,,,,,,,,,,,,,,,,,,,,,,,,,,,,,1611661320,2012,2012,False
100949-201496-201500-201911-202626,1611661320,"Alana Beard, Candace Parker, Nicky Anosike, Kristi Toliver, Jenna O'Hea","Beard, Parker, Anosike, Toliver, O'Hea",100949-201496-201500-201911-202626,LAS,72.0,1,1.0,4.0,3.0,2,,5,,,,1.0,3.0,2.0,4.0,,2.0,,,,,,1.0,2.0,1.0,2.0,0.3333333333333333,0.3333333333333333,0.5,,100.0,9.666666666666666,21.5,9.333333333333334,21.5,,,,,0.5176,0.25,0.25,2.5,,1.0,3.0,,,,,,,,,,,,,,,,,,,,,,,,1.0,2.0,3.0,,,,,,,,,,,,,,,,,1.0,1.0,1.0,1.0,0.3333333333333333,0.5,,,,,,,,,,1.0,,,,,,,1.0,1.0,1.0,,1.0,1.0,,2.0,,,1.0,1.0,,,,,,,,,,,1.0,1.0,1.0,0.5,0.5,0.5,,,,,,1.0,1.0,,0.3946,0.5,1.0,1.0,,,2.0,,,,,,,,,,,,,,1.0,,,,,,,1.0,,,,,,,,,,0.3333333333333333,0.3333333333333333,,,,,,,,,,,,,,,,,,,,,,1611661320,2012,2012,False
100949-201496-201500-202626-203040,1611661320,"Alana Beard, Candace Parker, Nicky Anosike, Jenna O'Hea, April Sykes","Beard, Parker, Anosike, O'Hea, Sykes",100949-201496-201500-202626-203040,LAS,443.0,1,7.0,6.0,14.0,15,,29,1.0,4.0,2.0,6.0,11.0,5.0,20.0,14.0,8.0,1.0,1.0,1.0,,1.0,5.0,6.0,3.0,20.0,0.5454545454545454,0.5769230769230769,0.625,1.0,94.26636568848758,15.0,15.533333333333333,14.0,15.466666666666667,0.3076923076923077,0.25,0.3333333333333333,0.15384615384615385,0.5072615384615384,0.1875,0.21428571428571427,5.781818181818182,6.0,4.0,5.0,1.0,1.0,,,,,1.0,2.0,3.0,3.0,1.0,1.0,10.0,4.0,3.0,,,2.0,1.0,3.0,,2.0,7.0,1.0,6.0,9.0,,,,1.0,10.0,6.0,0.3333333333333333,0.3333333333333333,1.0,0.5,1.0,0.5,1.0,1.125,1.0,0.15384615384615385,0.5,0.75,1.0,0.38461538461538464,0.8,0.8,0.5,,,,,0.25,1.0,,,0.5384615384615384,,0.4810875,0.5,21.55,0.42857142857142855,,1.0,,,1.0,,3.0,,,1.0,,2.0,3.0,,,,,,,,,,,,,,0.4,0.5,,1.0,,0.5,0.5,,,,,0.3765,,5.0,0.8333333333333334,0.5,1.0,,1.0,,0.3333333333333333,,,,,,,,,,,1.0,,,,,2.0,1.0,1.0,1.0,,,,,,,,,0.09090909090909091,,0.25,1.0,,1.0,,0.15384615384615385,,0.25,,,1.0,1.0,1.0,0.5,0.5,1.0,1.0,,,,,1611661320,2012,2012,False
100949-201496-201889-201911-203014,1611661320,"Alana Beard, Candace Parker, Marissa Coleman, Kristi Toliver, Nneka Ogwumike","Beard, Parker, Coleman, Toliver, Ogwumike",100949-201496-201889-201911-203014,LAS,243.0,1,4.0,6.0,7.0,8,,15,2.0,2.0,1.0,5.0,6.0,1.0,11.0,5.0,8.0,2.0,2.0,1.0,1.0,1.0,1.0,2.0,1.0,9.0,0.8333333333333334,0.625,0.6111111111111112,1.0,88.88888888888889,13.571428571428571,18.5,9.142857142857142,16.125,0.25,1.0,1.0,0.125,0.51524375,0.1111111111111111,0.14285714285714285,6.05,5.0,2.0,3.0,2.0,3.0,,2.0,,2.0,,2.0,4.0,5.0,,2.0,8.0,2.0,,2.0,,1.0,,1.0,,1.0,2.0,1.0,3.0,6.0,,,,1.0,8.0,5.0,0.2,0.25,,,,,0.8,0.5714285714285714,0.5714285714285714,0.25,0.5,0.75,,0.375,0.6666666666666666,0.6666666666666666,0.5,0.25,,,,0.42857142857142855,0.6666666666666666,0.2857142857142857,,0.625,,0.5217214285714286,0.7272727272727273,24.05,0.7142857142857143,,1.0,,1.0,1.0,1.0,2.0,,2.0,,,1.0,3.0,,,,,,,,,,,0.5,0.3333333333333333,0.3333333333333333,1.0,1.0,1.0,,1.0,1.0,1.0,,0.3333333333333333,,,0.4258,0.18181818181818182,2.0,1.0,,1.0,2.0,,,,,1.0,,1.0,,,,,,,1.0,,,0.3333333333333333,,,,,2.0,,,,,,,,,,,,1.0,1.0,,,,,,,,,,,,,,,,,,,1611661320,2012,2012,False
100949-201496-201889-202626-202650,1611661320,"Alana Beard, Candace Parker, Marissa Coleman, Jenna O'Hea, Jantel Lavender","Beard, Parker, Coleman, O'Hea, Lavender",100949-201496-201889-202626-202650,LAS,560.0,4,9.0,-2.0,19.0,19,,38,3.0,3.0,2.0,7.0,10.0,3.0,17.0,19.0,6.0,,,5.0,1.0,5.0,4.0,4.0,2.0,14.0,0.7,0.5384615384615384,0.5666666666666667,1.0,97.71428571428571,13.526315789473685,15.947368421052632,12.631578947368421,13.789473684210526,0.23076923076923078,1.0,1.0,0.15384615384615385,0.48386153846153845,0.13333333333333333,0.16666666666666666,6.55,,3.0,5.0,,,,3.0,,,,3.0,,,,,,8.0,,3.0,,4.0,,4.0,,3.0,8.0,1.0,10.0,12.0,,,,,,,0.5714285714285714,0.5714285714285714,,,,,,,,0.23076923076923078,0.3333333333333333,0.75,0.3333333333333333,0.38461538461538464,0.6,0.6,1.0,0.23076923076923078,,,,,,,,0.6153846153846154,,,,22.566666666666666,,,2.0,,,1.0,,,3.0,3.0,,,1.0,2.0,,4.0,5.0,,,,,,,,,,0.75,0.3333333333333333,0.3333333333333333,0.5,,,0.5,0.5,,,,,,0.17647058823529413,8.0,0.8888888888888888,0.75,1.0,,4.0,,,,,,,1.0,,,,,,1.0,,0.3333333333333333,,,,,,1.0,,,,,,,,,,,,0.3333333333333333,0.3333333333333333,,,,,,,,,,,,,,,1.0,1.0,,,1611661320,2012,2012,False
100949-201496-201911-202626-203014,1611661320,"Alana Beard, Candace Parker, Kristi Toliver, Jenna O'Hea, Nneka Ogwumike","Beard, Parker, Toliver, O'Hea, Ogwumike",100949-201496-201911-202626-203014,LAS,1088.0,3,18.0,7.0,38.0,37,3.0,75,2.0,5.0,6.0,15.0,25.0,17.0,53.0,46.0,20.0,2.0,,2.0,,5.0,13.0,20.0,7.0,49.0,0.6,0.6428571428571429,0.7162162162162162,0.4,99.26470588235294,12.631578947368421,16.43243243243243,12.289473684210526,15.783783783783784,0.17857142857142858,0.4,0.5,0.21428571428571427,0.44830000000000003,0.21212121212121213,0.23333333333333334,7.04,13.0,11.0,14.0,4.0,4.0,2.0,3.0,,,2.0,3.0,6.0,7.0,,,26.0,10.0,3.0,3.0,2.0,5.0,1.0,6.0,1.0,4.0,13.0,6.0,13.0,17.0,2.0,1.0,3.0,,24.0,12.0,0.3333333333333333,0.38461538461538464,0.5,0.6666666666666666,,0.6666666666666666,0.8571428571428571,0.8571428571428571,0.9285714285714286,0.10714285714285714,0.6666666666666666,0.6190476190476191,0.6666666666666666,0.5,0.7857142857142857,0.7857142857142857,0.36363636363636365,0.10714285714285714,0.6666666666666666,0.6666666666666666,0.5,0.5714285714285714,1.0,,,0.6071428571428571,0.6666666666666666,0.45165714285714287,0.49056603773584906,23.933333333333334,0.34210526315789475,3.0,3.0,2.0,3.0,2.0,2.0,3.0,,4.0,14.0,1.0,4.0,4.0,,1.0,7.0,,2.0,1.0,,,2.0,,0.6666666666666666,0.5,0.5,0.4,0.36363636363636365,0.3333333333333333,0.25,0.6666666666666666,0.3333333333333333,0.3333333333333333,0.5,0.75,0.6666666666666666,,0.482225,0.07547169811320754,7.0,0.5833333333333334,0.5,1.0,4.0,2.0,1.0,0.6666666666666666,,1.0,,1.0,,1.0,,1.0,1.0,,0.5,0.5,,0.25,,,,1.0,,,1.0,,,,,4.0,3.0,0.04,,0.2,,,,,,,,,,,,,,,,,,,1.0,1.0,1611661320,2012,2012,False
100949-201889-202626-202650-203014,1611661320,"Alana Beard, Marissa Coleman, Jenna O'Hea, Jantel Lavender, Nneka Ogwumike","Beard, Coleman, O'Hea, Lavender, Ogwumike",100949-201889-202626-202650-203014,LAS,51.0,1,1.0,-2.0,1.0,1,,2,,,,,,,,2.0,,,,,,,,,,,,,,,56.470588235294116,25.0,26.0,25.0,26.0,,,,,0.56025,,,,,,,,,,1.0,,,,1.0,,,,,,,,1.0,,,,,,,,,,,,,,,,,,,,,,,,,,1.0,,,,,,,,1.0,,,,,,,,1.0,,,,21.7,,,,,,,,,,,,,,,,,,,,,,,,,,,,,,,,,,,,,,,,,,,,,,,,,,,,,,,,,,,,,,,,,,,,,,,,,,,,,,,,,,,,,,,,,,,,,,,,,,,1611661320,2012,2012,False
100949-201911-202626-202650-203014,1611661320,"Alana Beard, Kristi Toliver, Jenna O'Hea, Jantel Lavender, Nneka Ogwumike","Beard, Toliver, O'Hea, Lavender, Ogwumike",100949-201911-202626-202650-203014,LAS,36.0,1,1.0,2.0,1.0,1,,2,1.0,1.0,,1.0,1.0,,2.0,,2.0,,,,,,,,,2.0,1.0,1.0,1.0,,80.0,18.0,18.0,18.0,18.0,1.0,1.0,1.0,,0.3674,,,5.3,,,,,,,,,,,,,,,,,,,,,,,,,,,1.0,1.0,1.0,,,,,,,,,,,,,,,,,1.0,1.0,1.0,,,,,,,,,,,,,,,,,,,,,,,,,,,,,,,,,,,,,,,,,,,,,,,,,,,,,,,,,,,,,,,,,,,,,,,,,,,,,,,,,,,,,,,,,,,,,,,,,,,,,,,,,,,,,,,,,,,,1611661320,2012,2012,False
201496-201889-201911-202626-202650,1611661320,"Candace Parker, Marissa Coleman, Kristi Toliver, Jenna O'Hea, Jantel Lavender","Parker, Coleman, Toliver, O'Hea, Lavender",201496-201889-201911-202626-202650,LAS,433.0,2,7.0,3.0,12.0,13,,25,2.0,4.0,1.0,5.0,8.0,1.0,20.0,17.0,8.0,,,2.0,2.0,3.0,2.0,2.0,1.0,18.0,0.625,0.8636363636363636,0.8333333333333334,0.6666666666666666,83.14087759815243,18.666666666666668,16.076923076923077,17.166666666666668,16.076923076923077,0.36363636363636365,0.5,0.5,0.09090909090909091,0.4696272727272727,0.08333333333333333,0.1111111111111111,8.2125,,2.0,3.0,,,2.0,2.0,,,3.0,3.0,,,,,,2.0,6.0,2.0,2.0,1.0,2.0,3.0,1.0,1.0,8.0,3.0,5.0,7.0,,,1.0,,,,0.2,0.2,0.6666666666666666,1.0,,1.0,,,,0.2727272727272727,1.0,0.8333333333333334,1.0,0.2727272727272727,0.6666666666666666,0.6666666666666666,0.5,0.18181818181818182,1.0,1.0,0.5,,,,,0.5454545454545454,1.0,,,22.53333333333333,,3.0,2.0,,,1.0,1.0,1.0,,2.0,,,2.0,2.0,,1.0,1.0,,,,,,,,1.0,1.0,1.0,0.6666666666666666,0.6666666666666666,1.0,,,1.0,1.0,,,,,0.4379,0.1,2.0,0.6666666666666666,1.0,,,,,0.5,,,,,,,,,,,1.0,,,,,1.0,,,,,1.0,1.0,,1.0,,,,,,,,,,,0.09090909090909091,,,,,1.0,,1.0,1.0,1.0,1.0,,,,,,1611661320,2012,2012,False
201889-201911-202626-202650-203014,1611661320,"Marissa Coleman, Kristi Toliver, Jenna O'Hea, Jantel Lavender, Nneka Ogwumike","Coleman, Toliver, O'Hea, Lavender, Ogwumike",201889-201911-202626-202650-203014,LAS,226.0,3,4.0,-7.0,8.0,7,1.0,15,,2.0,1.0,1.0,4.0,,2.0,9.0,,,,,,3.0,1.0,,,2.0,0.25,0.16666666666666666,0.16666666666666666,,95.57522123893806,16.125,13.857142857142858,12.875,13.857142857142858,0.3333333333333333,,,0.16666666666666666,0.4512833333333333,,,8.5,5.0,1.0,1.0,,,,2.0,,1.0,,2.0,,3.0,,1.0,,2.0,,2.0,,1.0,,1.0,,1.0,2.0,1.0,3.0,4.0,,1.0,3.0,2.0,,5.0,1.0,1.0,,,,,,,,0.3333333333333333,1.0,1.0,1.0,0.16666666666666666,1.0,1.0,1.0,0.3333333333333333,,,,,,0.25,,0.5,,0.4069625,,21.35,0.625,,1.0,,,,,1.0,,,,,,1.0,1.0,,2.0,,,,,,,,,,,,0.2,,,,,,,,,,,,2.0,1.0,,1.0,,,1.0,,,,,,,,,,,,1.0,,,,,,,,1.0,,,,,,,,,,,,0.5,0.5,,,,,,,,,,,,,,,,,,,1611661320,2012,2012,False
