GAME_ID,EVENTNUM,EVENTMSGTYPE,EVENTMSGACTIONTYPE,PERIOD,WCTIMESTRING,PCTIMESTRING,HOMEDESCRIPTION,NEUTRALDESCRIPTION,VISITORDESCRIPTION,SCORE,SCOREMARGIN,PERSON1TYPE,PLAYER1_ID,PLAYER1_NAME,PLAYER1_TEAM_ID,PLAYER1_TEAM_CITY,PLAYER1_TEAM_NICKNAME,PLAYER1_TEAM_ABBREVIATION,PERSON2TYPE,PLAYER2_ID,PLAYER2_NAME,PLAYER2_TEAM_ID,PLAYER2_TEAM_CITY,PLAYER2_TEAM_NICKNAME,PLAYER2_TEAM_ABBREVIATION,PERSON3TYPE,PLAYER3_ID,PLAYER3_NAME,PLAYER3_TEAM_ID,PLAYER3_TEAM_CITY,PLAYER3_TEAM_NICKNAME,PLAYER3_TEAM_ABBREVIATION,VIDEO_AVAILABLE_FLAG
1042100313,2,12,0,1,3:03 PM,10:00,,Start of 1st Period (3:03 PM EST),,,,0,0,,,,,,0,0,,,,,,0,0,,,,,,0
1042100313,4,10,0,1,3:05 PM,10:00,Jump Ball Griner vs. Cambage: Tip to Diggins-Smith,,,,,4,203398,Brittney Griner,1611661317.0,Phoenix,Mercury,PHO,5,202633,Liz Cambage,1611661319.0,Las Vegas,Aces,LVA,4,203400,Skylar Diggins-Smith,1611661317.0,Phoenix,Mercury,PHO,1
1042100313,7,5,1,1,3:05 PM,9:47,Nurse Bad Pass Turnover (P1.T1),,Gray STEAL (1 STL),,,4,1628915,Kia Nurse,1611661317.0,Phoenix,Mercury,PHO,5,203833,Chelsea Gray,1611661319.0,Las Vegas,Aces,LVA,0,0,,,,,,1
1042100313,9,2,103,1,3:05 PM,9:43,,,MISS Gray 14' Running Pull-Up Jump Shot,,,5,203833,Chelsea Gray,1611661319.0,Las Vegas,Aces,LVA,0,0,,,,,,0,0,,,,,,1
1042100313,10,4,0,1,3:05 PM,9:38,Nurse REBOUND (Off:0 Def:1),,,,,4,1628915,Kia Nurse,1611661317.0,Phoenix,Mercury,PHO,0,0,,,,,,0,0,,,,,,1
1042100313,11,1,1,1,3:05 PM,9:29,Taurasi 25' 3PT Jump Shot (3 PTS) (Griner 1 AST),,,0 - 3,3,4,100940,Diana Taurasi,1611661317.0,Phoenix,Mercury,PHO,4,203398,Brittney Griner,1611661317.0,Phoenix,Mercury,PHO,0,0,,,,,,1
1042100313,13,2,86,1,3:06 PM,9:09,,,MISS Cambage 4' Turnaround Fadeaway Shot,,,5,202633,Liz Cambage,1611661319.0,Las Vegas,Aces,LVA,0,0,,,,,,0,0,,,,,,1
1042100313,14,4,0,1,3:06 PM,9:08,Nurse REBOUND (Off:0 Def:2),,,,,4,1628915,Kia Nurse,1611661317.0,Phoenix,Mercury,PHO,0,0,,,,,,0,0,,,,,,1
1042100313,15,2,1,1,3:06 PM,8:57,MISS Griner 19' Jump Shot,,,,,4,203398,Brittney Griner,1611661317.0,Phoenix,Mercury,PHO,0,0,,,,,,0,0,,,,,,1
1042100313,16,4,0,1,3:06 PM,8:55,Griner REBOUND (Off:1 Def:0),,,,,4,203398,Brittney Griner,1611661317.0,Phoenix,Mercury,PHO,0,0,,,,,,0,0,,,,,,1
1042100313,17,1,5,1,3:06 PM,8:52,Turner 2' Layup (2 PTS) (Griner 2 AST),,,0 - 5,5,4,1629488,Brianna Turner,1611661317.0,Phoenix,Mercury,PHO,4,203398,Brittney Griner,1611661317.0,Phoenix,Mercury,PHO,0,0,,,,,,1
1042100313,19,2,47,1,3:06 PM,8:34,,,MISS Cambage 14' Turnaround Jump Shot,,,5,202633,Liz Cambage,1611661319.0,Las Vegas,Aces,LVA,0,0,,,,,,0,0,,,,,,1
1042100313,20,4,0,1,3:06 PM,8:32,Nurse REBOUND (Off:0 Def:3),,,,,4,1628915,Kia Nurse,1611661317.0,Phoenix,Mercury,PHO,0,0,,,,,,0,0,,,,,,1
1042100313,21,1,103,1,3:06 PM,8:26,Taurasi 26' 3PT Running Pull-Up Jump Shot (6 PTS),,,0 - 8,8,4,100940,Diana Taurasi,1611661317.0,Phoenix,Mercury,PHO,0,0,,,,,,0,0,,,,,,1
1042100313,22,2,63,1,3:07 PM,8:03,Griner BLOCK (1 BLK),,MISS Wilson 10' Fadeaway Jumper,,,5,1628932,A'ja Wilson,1611661319.0,Las Vegas,Aces,LVA,0,0,,,,,,4,203398,Brittney Griner,1611661317.0,Phoenix,Mercury,PHO,1
1042100313,24,4,0,1,3:07 PM,8:00,Griner REBOUND (Off:1 Def:1),,,,,4,203398,Brittney Griner,1611661317.0,Phoenix,Mercury,PHO,0,0,,,,,,0,0,,,,,,1
1042100313,25,1,98,1,3:07 PM,7:54,Turner 3' Cutting Layup Shot (4 PTS) (Diggins-Smith 1 AST),,,0 - 10,10,4,1629488,Brianna Turner,1611661317.0,Phoenix,Mercury,PHO,4,203400,Skylar Diggins-Smith,1611661317.0,Phoenix,Mercury,PHO,0,0,,,,,,1
1042100313,27,2,1,1,3:07 PM,7:51,,,MISS Wilson 15' Jump Shot,,,5,1628932,A'ja Wilson,1611661319.0,Las Vegas,Aces,LVA,0,0,,,,,,0,0,,,,,,1
1042100313,28,4,0,1,3:07 PM,7:51,Turner REBOUND (Off:0 Def:1),,,,,4,1629488,Brianna Turner,1611661317.0,Phoenix,Mercury,PHO,0,0,,,,,,0,0,,,,,,1
1042100313,29,6,2,1,3:07 PM,7:51,,,Williams S.FOUL (P1.T1),,,5,203029,Riquna Williams,1611661319.0,Las Vegas,Aces,LVA,4,203400,Skylar Diggins-Smith,1611661317.0,Phoenix,Mercury,PHO,1,0,,,,,,1
1042100313,31,3,11,1,3:08 PM,7:51,MISS Diggins-Smith Free Throw 1 of 2,,,,,4,203400,Skylar Diggins-Smith,1611661317.0,Phoenix,Mercury,PHO,0,0,,,,,,0,0,,,,,,0
1042100313,32,4,1,1,3:08 PM,7:51,MERCURY Rebound,,,,,2,1611661317,,,,,,0,0,,,,,,0,0,,,,,,0
1042100313,33,8,0,1,3:08 PM,7:51,,,SUB: Plum FOR Cambage,,,5,202633,Liz Cambage,1611661319.0,Las Vegas,Aces,LVA,5,1628276,Kelsey Plum,1611661319.0,Las Vegas,Aces,LVA,0,0,,,,,,0
1042100313,34,8,0,1,3:08 PM,7:51,,,SUB: Hamby FOR Williams,,,5,203029,Riquna Williams,1611661319.0,Las Vegas,Aces,LVA,5,204324,Dearica Hamby,1611661319.0,Las Vegas,Aces,LVA,0,0,,,,,,0
1042100313,37,3,12,1,3:08 PM,7:51,Diggins-Smith Free Throw 2 of 2 (1 PTS),,,0 - 11,11,4,203400,Skylar Diggins-Smith,1611661317.0,Phoenix,Mercury,PHO,0,0,,,,,,0,0,,,,,,0
1042100313,38,2,1,1,3:09 PM,7:35,,,MISS Young 22' Jump Shot,,,5,1629498,Jackie Young,1611661319.0,Las Vegas,Aces,LVA,0,0,,,,,,0,0,,,,,,1
1042100313,39,4,0,1,3:09 PM,7:32,,,Hamby REBOUND (Off:1 Def:0),,,5,204324,Dearica Hamby,1611661319.0,Las Vegas,Aces,LVA,0,0,,,,,,0,0,,,,,,1
1042100313,40,1,5,1,3:09 PM,7:25,,,Hamby 2' Layup (2 PTS) (Young 1 AST),2 - 11,9,5,204324,Dearica Hamby,1611661319.0,Las Vegas,Aces,LVA,5,1629498,Jackie Young,1611661319.0,Las Vegas,Aces,LVA,0,0,,,,,,1
1042100313,42,2,43,1,3:09 PM,7:13,MISS Turner 3' Alley Oop Layup,,,,,4,1629488,Brianna Turner,1611661317.0,Phoenix,Mercury,PHO,0,0,,,,,,0,0,,,,,,1
1042100313,43,4,0,1,3:09 PM,7:11,Griner REBOUND (Off:2 Def:1),,,,,4,203398,Brittney Griner,1611661317.0,Phoenix,Mercury,PHO,0,0,,,,,,0,0,,,,,,1
1042100313,44,2,72,1,3:09 PM,7:10,MISS Griner 1' Putback Layup,,,,,4,203398,Brittney Griner,1611661317.0,Phoenix,Mercury,PHO,0,0,,,,,,0,0,,,,,,1
1042100313,45,4,0,1,3:09 PM,7:10,MERCURY Rebound,,,,,2,1611661317,,,,,,0,0,,,,,,0,0,,,,,,0
1042100313,47,2,1,1,3:09 PM,7:01,MISS Taurasi 26' 3PT Jump Shot,,,,,4,100940,Diana Taurasi,1611661317.0,Phoenix,Mercury,PHO,0,0,,,,,,0,0,,,,,,1
1042100313,48,4,0,1,3:09 PM,6:58,,,Young REBOUND (Off:0 Def:1),,,5,1629498,Jackie Young,1611661319.0,Las Vegas,Aces,LVA,0,0,,,,,,0,0,,,,,,1
1042100313,49,6,4,1,3:10 PM,6:55,,,Wilson OFF.Foul (P1),,,5,1628932,A'ja Wilson,1611661319.0,Las Vegas,Aces,LVA,4,203400,Skylar Diggins-Smith,1611661317.0,Phoenix,Mercury,PHO,1,0,,,,,,1
1042100313,51,5,37,1,3:10 PM,6:55,,,Wilson Offensive Foul Turnover (P1.T1),,,5,1628932,A'ja Wilson,1611661319.0,Las Vegas,Aces,LVA,0,0,,,,,,1,0,,,,,,1
1042100313,52,2,98,1,3:10 PM,6:41,MISS Turner 4' Cutting Layup Shot,,,,,4,1629488,Brianna Turner,1611661317.0,Phoenix,Mercury,PHO,0,0,,,,,,0,0,,,,,,1
1042100313,53,4,0,1,3:10 PM,6:39,,,Plum REBOUND (Off:0 Def:1),,,5,1628276,Kelsey Plum,1611661319.0,Las Vegas,Aces,LVA,0,0,,,,,,0,0,,,,,,1
1042100313,54,1,2,1,3:10 PM,6:25,,,Hamby 3' Running Jump Shot (4 PTS),4 - 11,7,5,204324,Dearica Hamby,1611661319.0,Las Vegas,Aces,LVA,0,0,,,,,,0,0,,,,,,1
1042100313,55,1,101,1,3:11 PM,6:13,Diggins-Smith 4' Driving Floating Jump Shot (3 PTS),,,4 - 13,9,4,203400,Skylar Diggins-Smith,1611661317.0,Phoenix,Mercury,PHO,0,0,,,,,,0,0,,,,,,1
1042100313,56,1,79,1,3:11 PM,5:58,,,Young 17' Pullup Jump Shot (2 PTS),6 - 13,7,5,1629498,Jackie Young,1611661319.0,Las Vegas,Aces,LVA,0,0,,,,,,0,0,,,,,,1
1042100313,57,2,47,1,3:11 PM,5:31,MISS Nurse 6' Turnaround Jump Shot,,,,,4,1628915,Kia Nurse,1611661317.0,Phoenix,Mercury,PHO,0,0,,,,,,0,0,,,,,,1
1042100313,58,4,0,1,3:11 PM,5:27,,,Gray REBOUND (Off:0 Def:1),,,5,203833,Chelsea Gray,1611661319.0,Las Vegas,Aces,LVA,0,0,,,,,,0,0,,,,,,1
1042100313,59,2,1,1,3:11 PM,5:21,,,MISS Hamby 25' 3PT Jump Shot,,,5,204324,Dearica Hamby,1611661319.0,Las Vegas,Aces,LVA,0,0,,,,,,0,0,,,,,,1
1042100313,60,4,0,1,3:11 PM,5:19,Taurasi REBOUND (Off:0 Def:1),,,,,4,100940,Diana Taurasi,1611661317.0,Phoenix,Mercury,PHO,0,0,,,,,,0,0,,,,,,1
1042100313,61,1,2,1,3:12 PM,5:14,Turner 1' Running Jump Shot (6 PTS) (Taurasi 1 AST),,,6 - 15,9,4,1629488,Brianna Turner,1611661317.0,Phoenix,Mercury,PHO,4,100940,Diana Taurasi,1611661317.0,Phoenix,Mercury,PHO,0,0,,,,,,1
1042100313,63,1,5,1,3:12 PM,5:07,,,Wilson 1' Layup (2 PTS) (Plum 1 AST),8 - 15,7,5,1628932,A'ja Wilson,1611661319.0,Las Vegas,Aces,LVA,5,1628276,Kelsey Plum,1611661319.0,Las Vegas,Aces,LVA,0,0,,,,,,1
1042100313,65,1,43,1,3:12 PM,4:52,Turner 2' Alley Oop Layup (8 PTS) (Taurasi 2 AST),,,8 - 17,9,4,1629488,Brianna Turner,1611661317.0,Phoenix,Mercury,PHO,4,100940,Diana Taurasi,1611661317.0,Phoenix,Mercury,PHO,0,0,,,,,,1
1042100313,67,1,79,1,3:12 PM,4:35,,,Young 19' Pullup Jump Shot (4 PTS),10 - 17,7,5,1629498,Jackie Young,1611661319.0,Las Vegas,Aces,LVA,0,0,,,,,,0,0,,,,,,1
1042100313,68,2,79,1,3:12 PM,4:21,MISS Diggins-Smith 24' 3PT Pullup Jump Shot,,,,,4,203400,Skylar Diggins-Smith,1611661317.0,Phoenix,Mercury,PHO,0,0,,,,,,0,0,,,,,,1
1042100313,69,4,0,1,3:12 PM,4:19,,,Hamby REBOUND (Off:1 Def:1),,,5,204324,Dearica Hamby,1611661319.0,Las Vegas,Aces,LVA,0,0,,,,,,0,0,,,,,,1
1042100313,70,2,79,1,3:13 PM,4:11,,,MISS Gray 16' Pullup Jump Shot,,,5,203833,Chelsea Gray,1611661319.0,Las Vegas,Aces,LVA,0,0,,,,,,0,0,,,,,,1
1042100313,71,4,0,1,3:13 PM,4:09,Griner REBOUND (Off:2 Def:2),,,,,4,203398,Brittney Griner,1611661317.0,Phoenix,Mercury,PHO,0,0,,,,,,0,0,,,,,,1
1042100313,72,2,101,1,3:13 PM,3:55,MISS Diggins-Smith 7' Driving Floating Jump Shot,,,,,4,203400,Skylar Diggins-Smith,1611661317.0,Phoenix,Mercury,PHO,0,0,,,,,,0,0,,,,,,1
1042100313,73,4,0,1,3:13 PM,3:54,,,Plum REBOUND (Off:0 Def:2),,,5,1628276,Kelsey Plum,1611661319.0,Las Vegas,Aces,LVA,0,0,,,,,,0,0,,,,,,1
1042100313,74,6,2,1,3:13 PM,3:51,Griner S.FOUL (P1.T1),,,,,4,203398,Brittney Griner,1611661317.0,Phoenix,Mercury,PHO,5,204324,Dearica Hamby,1611661319.0,Las Vegas,Aces,LVA,1,0,,,,,,1
1042100313,76,9,4,1,3:13 PM,3:51,,Timeout: Official,,,,1,0,,,,,,0,0,,,,,,0,0,,,,,,0
1042100313,77,8,0,1,3:16 PM,3:51,SUB: Cunningham FOR Nurse,,,,,4,1628915,Kia Nurse,1611661317.0,Phoenix,Mercury,PHO,4,1629482,Sophie Cunningham,1611661317.0,Phoenix,Mercury,PHO,0,0,,,,,,0
1042100313,78,8,0,1,3:16 PM,3:51,SUB: Vaughn FOR Taurasi,,,,,4,100940,Diana Taurasi,1611661317.0,Phoenix,Mercury,PHO,4,201913,Kia Vaughn,1611661317.0,Phoenix,Mercury,PHO,0,0,,,,,,0
1042100313,79,8,0,1,3:16 PM,3:51,SUB: Peddy FOR Turner,,,,,4,1629488,Brianna Turner,1611661317.0,Phoenix,Mercury,PHO,4,203035,Shey Peddy,1611661317.0,Phoenix,Mercury,PHO,0,0,,,,,,0
1042100313,80,8,0,1,3:16 PM,3:51,,,SUB: Williams FOR Gray,,,5,203833,Chelsea Gray,1611661319.0,Las Vegas,Aces,LVA,5,203029,Riquna Williams,1611661319.0,Las Vegas,Aces,LVA,0,0,,,,,,0
1042100313,85,3,11,1,3:17 PM,3:51,,,Hamby Free Throw 1 of 2 (5 PTS),11 - 17,6,5,204324,Dearica Hamby,1611661319.0,Las Vegas,Aces,LVA,0,0,,,,,,0,0,,,,,,0
1042100313,86,3,12,1,3:17 PM,3:51,,,MISS Hamby Free Throw 2 of 2,,,5,204324,Dearica Hamby,1611661319.0,Las Vegas,Aces,LVA,0,0,,,,,,0,0,,,,,,0
1042100313,87,4,0,1,3:17 PM,3:48,Diggins-Smith REBOUND (Off:0 Def:1),,,,,4,203400,Skylar Diggins-Smith,1611661317.0,Phoenix,Mercury,PHO,0,0,,,,,,0,0,,,,,,1
1042100313,88,2,1,1,3:18 PM,3:29,MISS Peddy 24' 3PT Jump Shot,,,,,4,203035,Shey Peddy,1611661317.0,Phoenix,Mercury,PHO,0,0,,,,,,0,0,,,,,,1
1042100313,89,4,0,1,3:18 PM,3:26,Griner REBOUND (Off:3 Def:2),,,,,4,203398,Brittney Griner,1611661317.0,Phoenix,Mercury,PHO,0,0,,,,,,0,0,,,,,,1
1042100313,90,1,1,1,3:18 PM,3:24,Cunningham 24' 3PT Jump Shot (3 PTS) (Griner 3 AST),,,11 - 20,9,4,1629482,Sophie Cunningham,1611661317.0,Phoenix,Mercury,PHO,4,203398,Brittney Griner,1611661317.0,Phoenix,Mercury,PHO,0,0,,,,,,1
1042100313,92,2,102,1,3:18 PM,3:02,,,MISS Wilson 1' Driving Floating Bank Jump Shot,,,5,1628932,A'ja Wilson,1611661319.0,Las Vegas,Aces,LVA,0,0,,,,,,0,0,,,,,,1
1042100313,93,4,0,1,3:18 PM,3:02,Cunningham REBOUND (Off:0 Def:1),,,,,4,1629482,Sophie Cunningham,1611661317.0,Phoenix,Mercury,PHO,0,0,,,,,,0,0,,,,,,1
1042100313,94,6,1,1,3:18 PM,3:02,,,Young P.FOUL (P1.T2),,,5,1629498,Jackie Young,1611661319.0,Las Vegas,Aces,LVA,4,1629482,Sophie Cunningham,1611661317.0,Phoenix,Mercury,PHO,1,0,,,,,,1
1042100313,96,1,98,1,3:19 PM,2:43,Griner 3' Cutting Layup Shot (2 PTS) (Vaughn 1 AST),,,11 - 22,11,4,203398,Brittney Griner,1611661317.0,Phoenix,Mercury,PHO,4,201913,Kia Vaughn,1611661317.0,Phoenix,Mercury,PHO,0,0,,,,,,1
1042100313,98,2,79,1,3:19 PM,2:32,,,MISS Young 16' Pullup Jump Shot,,,5,1629498,Jackie Young,1611661319.0,Las Vegas,Aces,LVA,0,0,,,,,,0,0,,,,,,1
1042100313,99,4,0,1,3:19 PM,2:30,Vaughn REBOUND (Off:0 Def:1),,,,,4,201913,Kia Vaughn,1611661317.0,Phoenix,Mercury,PHO,0,0,,,,,,0,0,,,,,,1
1042100313,100,2,47,1,3:19 PM,2:18,MISS Griner 7' Turnaround Jump Shot,,,,,4,203398,Brittney Griner,1611661317.0,Phoenix,Mercury,PHO,0,0,,,,,,0,0,,,,,,1
1042100313,101,4,0,1,3:19 PM,2:16,,,Wilson REBOUND (Off:0 Def:1),,,5,1628932,A'ja Wilson,1611661319.0,Las Vegas,Aces,LVA,0,0,,,,,,0,0,,,,,,1
1042100313,102,5,2,1,3:19 PM,2:08,Peddy STEAL (1 STL),,Plum Lost Ball Turnover (P1.T2),,,5,1628276,Kelsey Plum,1611661319.0,Las Vegas,Aces,LVA,4,203035,Shey Peddy,1611661317.0,Phoenix,Mercury,PHO,0,0,,,,,,1
1042100313,106,5,18,1,3:20 PM,2:07,Peddy Jump Ball Violation Turnover (P1.T2),,,,,4,203035,Shey Peddy,1611661317.0,Phoenix,Mercury,PHO,0,0,,,,,,0,0,,,,,,1
1042100313,104,8,0,1,3:20 PM,2:07,,,SUB: Cambage FOR Hamby,,,5,204324,Dearica Hamby,1611661319.0,Las Vegas,Aces,LVA,5,202633,Liz Cambage,1611661319.0,Las Vegas,Aces,LVA,0,0,,,,,,0
1042100313,107,8,0,1,3:20 PM,2:07,,,SUB: Hamby FOR Wilson,,,5,1628932,A'ja Wilson,1611661319.0,Las Vegas,Aces,LVA,5,204324,Dearica Hamby,1611661319.0,Las Vegas,Aces,LVA,0,0,,,,,,0
1042100313,109,2,6,1,3:20 PM,2:00,,,MISS Young 5' Driving Layup,,,5,1629498,Jackie Young,1611661319.0,Las Vegas,Aces,LVA,0,0,,,,,,0,0,,,,,,1
1042100313,110,4,0,1,3:20 PM,1:57,Peddy REBOUND (Off:0 Def:1),,,,,4,203035,Shey Peddy,1611661317.0,Phoenix,Mercury,PHO,0,0,,,,,,0,0,,,,,,1
1042100313,111,2,105,1,3:21 PM,1:41,MISS Vaughn 9' Turnaround Fadeaway Bank Jump Shot,,,,,4,201913,Kia Vaughn,1611661317.0,Phoenix,Mercury,PHO,0,0,,,,,,0,0,,,,,,1
1042100313,112,4,0,1,3:21 PM,1:39,,,Hamby REBOUND (Off:1 Def:2),,,5,204324,Dearica Hamby,1611661319.0,Las Vegas,Aces,LVA,0,0,,,,,,0,0,,,,,,1
1042100313,113,6,2,1,3:21 PM,1:36,Cunningham S.FOUL (P1.T2),,,,,4,1629482,Sophie Cunningham,1611661317.0,Phoenix,Mercury,PHO,5,1629498,Jackie Young,1611661319.0,Las Vegas,Aces,LVA,1,0,,,,,,1
1042100313,115,3,11,1,3:21 PM,1:36,,,Young Free Throw 1 of 2 (5 PTS),12 - 22,10,5,1629498,Jackie Young,1611661319.0,Las Vegas,Aces,LVA,0,0,,,,,,0,0,,,,,,0
1042100313,116,8,0,1,3:21 PM,1:36,SUB: Taurasi FOR Diggins-Smith,,,,,4,203400,Skylar Diggins-Smith,1611661317.0,Phoenix,Mercury,PHO,4,100940,Diana Taurasi,1611661317.0,Phoenix,Mercury,PHO,0,0,,,,,,0
1042100313,118,3,12,1,3:21 PM,1:36,,,Young Free Throw 2 of 2 (6 PTS),13 - 22,9,5,1629498,Jackie Young,1611661319.0,Las Vegas,Aces,LVA,0,0,,,,,,0,0,,,,,,0
1042100313,119,1,6,1,3:22 PM,1:19,Peddy 2' Driving Layup (2 PTS),,,13 - 24,11,4,203035,Shey Peddy,1611661317.0,Phoenix,Mercury,PHO,0,0,,,,,,0,0,,,,,,1
1042100313,120,6,1,1,3:22 PM,1:12,Peddy P.FOUL (P1.PN),,,,,4,203035,Shey Peddy,1611661317.0,Phoenix,Mercury,PHO,5,204324,Dearica Hamby,1611661319.0,Las Vegas,Aces,LVA,1,0,,,,,,1
1042100313,122,3,11,1,3:22 PM,1:12,,,MISS Hamby Free Throw 1 of 2,,,5,204324,Dearica Hamby,1611661319.0,Las Vegas,Aces,LVA,0,0,,,,,,0,0,,,,,,0
1042100313,123,4,1,1,3:22 PM,1:12,,,Aces Rebound,,,3,1611661319,,,,,,0,0,,,,,,0,0,,,,,,0
1042100313,124,3,12,1,3:23 PM,1:12,,,Hamby Free Throw 2 of 2 (6 PTS),14 - 24,10,5,204324,Dearica Hamby,1611661319.0,Las Vegas,Aces,LVA,0,0,,,,,,0,0,,,,,,0
1042100313,125,2,79,1,3:23 PM,1:00,MISS Taurasi 24' 3PT Pullup Jump Shot,,,,,4,100940,Diana Taurasi,1611661317.0,Phoenix,Mercury,PHO,0,0,,,,,,0,0,,,,,,1
1042100313,126,4,0,1,3:23 PM,0:58,,,Hamby REBOUND (Off:1 Def:3),,,5,204324,Dearica Hamby,1611661319.0,Las Vegas,Aces,LVA,0,0,,,,,,0,0,,,,,,1
1042100313,127,2,80,1,3:23 PM,0:47,,,MISS Williams 16' Step Back Jump Shot,,,5,203029,Riquna Williams,1611661319.0,Las Vegas,Aces,LVA,0,0,,,,,,0,0,,,,,,1
1042100313,128,4,0,1,3:23 PM,0:45,Peddy REBOUND (Off:0 Def:2),,,,,4,203035,Shey Peddy,1611661317.0,Phoenix,Mercury,PHO,0,0,,,,,,0,0,,,,,,1
1042100313,129,6,1,1,3:23 PM,0:41,,,Hamby P.FOUL (P1.T3),,,5,204324,Dearica Hamby,1611661319.0,Las Vegas,Aces,LVA,4,203398,Brittney Griner,1611661317.0,Phoenix,Mercury,PHO,1,0,,,,,,1
1042100313,131,5,2,1,3:24 PM,0:33,Taurasi Lost Ball Turnover (P1.T3),,Young STEAL (1 STL),,,4,100940,Diana Taurasi,1611661317.0,Phoenix,Mercury,PHO,5,1629498,Jackie Young,1611661319.0,Las Vegas,Aces,LVA,0,0,,,,,,1
1042100313,133,1,2,1,3:24 PM,0:28,,,Young 3' Running Jump Shot (8 PTS) (Hamby 1 AST),16 - 24,8,5,1629498,Jackie Young,1611661319.0,Las Vegas,Aces,LVA,5,204324,Dearica Hamby,1611661319.0,Las Vegas,Aces,LVA,0,0,,,,,,1
1042100313,135,1,6,1,3:24 PM,0:06,Peddy 1' Driving Layup (4 PTS),,,16 - 26,10,4,203035,Shey Peddy,1611661317.0,Phoenix,Mercury,PHO,0,0,,,,,,0,0,,,,,,1
1042100313,136,1,1,1,3:24 PM,0:00,,,Cambage 28' 3PT Jump Shot (3 PTS) (Williams 1 AST),19 - 26,7,5,202633,Liz Cambage,1611661319.0,Las Vegas,Aces,LVA,5,203029,Riquna Williams,1611661319.0,Las Vegas,Aces,LVA,0,0,,,,,,1
1042100313,139,18,0,1,3:24 PM,0:00,,Instant Replay1st Period (3:24 PM EST),,19 - 26,7,0,136,P.J. Brown,,,,,0,0,,,,,,1,0,,,,,,0
1042100313,138,13,0,1,3:24 PM,0:00,,End of 1st Period (3:24 PM EST),,19 - 26,7,0,0,,,,,,0,0,,,,,,0,0,,,,,,1
1042100313,144,12,0,2,3:28 PM,10:00,,Start of 2nd Period (3:28 PM EST),,19 - 26,7,0,0,,,,,,0,0,,,,,,0,0,,,,,,0
1042100313,145,1,1,2,3:28 PM,9:43,,,Williams 21' Jump Shot (2 PTS) (Cambage 1 AST),21 - 26,5,5,203029,Riquna Williams,1611661319.0,Las Vegas,Aces,LVA,5,202633,Liz Cambage,1611661319.0,Las Vegas,Aces,LVA,0,0,,,,,,1
1042100313,147,1,1,2,3:29 PM,9:17,Diggins-Smith 21' Jump Shot (5 PTS),,,21 - 28,7,4,203400,Skylar Diggins-Smith,1611661317.0,Phoenix,Mercury,PHO,0,0,,,,,,0,0,,,,,,1
1042100313,148,2,5,2,3:29 PM,9:00,,,MISS Young 4' Layup,,,5,1629498,Jackie Young,1611661319.0,Las Vegas,Aces,LVA,0,0,,,,,,0,0,,,,,,1
1042100313,149,4,0,2,3:29 PM,8:58,Turner REBOUND (Off:0 Def:2),,,,,4,1629488,Brianna Turner,1611661317.0,Phoenix,Mercury,PHO,0,0,,,,,,0,0,,,,,,1
1042100313,150,2,1,2,3:29 PM,8:49,MISS Diggins-Smith 3PT Jump Shot,,,,,4,203400,Skylar Diggins-Smith,1611661317.0,Phoenix,Mercury,PHO,0,0,,,,,,0,0,,,,,,1
1042100313,151,4,0,2,3:29 PM,8:48,,,Cambage REBOUND (Off:0 Def:1),,,5,202633,Liz Cambage,1611661319.0,Las Vegas,Aces,LVA,0,0,,,,,,0,0,,,,,,1
1042100313,152,5,1,2,3:29 PM,8:37,Cunningham STEAL (1 STL),,Plum Bad Pass Turnover (P2.T3),,,5,1628276,Kelsey Plum,1611661319.0,Las Vegas,Aces,LVA,4,1629482,Sophie Cunningham,1611661317.0,Phoenix,Mercury,PHO,0,0,,,,,,1
1042100313,154,1,41,2,3:29 PM,8:31,Cunningham 3' Running Layup (5 PTS),,,21 - 30,9,4,1629482,Sophie Cunningham,1611661317.0,Phoenix,Mercury,PHO,0,0,,,,,,0,0,,,,,,1
1042100313,155,2,1,2,3:30 PM,8:12,,,MISS Plum 26' 3PT Jump Shot,,,5,1628276,Kelsey Plum,1611661319.0,Las Vegas,Aces,LVA,0,0,,,,,,0,0,,,,,,1
1042100313,156,4,0,2,3:30 PM,8:06,Vaughn REBOUND (Off:0 Def:2),,,,,4,201913,Kia Vaughn,1611661317.0,Phoenix,Mercury,PHO,0,0,,,,,,0,0,,,,,,1
1042100313,157,2,101,2,3:30 PM,8:02,MISS Diggins-Smith 12' Driving Floating Jump Shot,,,,,4,203400,Skylar Diggins-Smith,1611661317.0,Phoenix,Mercury,PHO,0,0,,,,,,0,0,,,,,,1
1042100313,158,4,0,2,3:30 PM,8:00,,,Cambage REBOUND (Off:0 Def:2),,,5,202633,Liz Cambage,1611661319.0,Las Vegas,Aces,LVA,0,0,,,,,,0,0,,,,,,1
1042100313,159,2,1,2,3:30 PM,7:47,,,MISS Hamby 24' 3PT Jump Shot,,,5,204324,Dearica Hamby,1611661319.0,Las Vegas,Aces,LVA,0,0,,,,,,0,0,,,,,,1
1042100313,160,4,0,2,3:30 PM,7:45,MERCURY Rebound,,,,,2,1611661317,,,,,,0,0,,,,,,0,0,,,,,,0
1042100313,162,8,0,2,3:30 PM,7:45,SUB: Nurse FOR Cunningham,,,,,4,1629482,Sophie Cunningham,1611661317.0,Phoenix,Mercury,PHO,4,1628915,Kia Nurse,1611661317.0,Phoenix,Mercury,PHO,0,0,,,,,,0
1042100313,163,8,0,2,3:30 PM,7:45,,,SUB: Stokes FOR Young,,,5,1629498,Jackie Young,1611661319.0,Las Vegas,Aces,LVA,5,204329,Kiah Stokes,1611661319.0,Las Vegas,Aces,LVA,0,0,,,,,,0
1042100313,164,8,0,2,3:30 PM,7:45,,,SUB: Wilson FOR Cambage,,,5,202633,Liz Cambage,1611661319.0,Las Vegas,Aces,LVA,5,1628932,A'ja Wilson,1611661319.0,Las Vegas,Aces,LVA,0,0,,,,,,0
1042100313,169,8,0,2,3:31 PM,7:26,SUB: Griner FOR Vaughn,,,,,4,201913,Kia Vaughn,1611661317.0,Phoenix,Mercury,PHO,4,203398,Brittney Griner,1611661317.0,Phoenix,Mercury,PHO,0,0,,,,,,0
1042100313,171,6,2,2,3:31 PM,7:22,,,Wilson S.FOUL (P2.T1),,,5,1628932,A'ja Wilson,1611661319.0,Las Vegas,Aces,LVA,4,1629488,Brianna Turner,1611661317.0,Phoenix,Mercury,PHO,1,0,,,,,,1
1042100313,173,3,11,2,3:31 PM,7:22,MISS Turner Free Throw 1 of 2,,,,,4,1629488,Brianna Turner,1611661317.0,Phoenix,Mercury,PHO,0,0,,,,,,0,0,,,,,,0
1042100313,175,3,12,2,3:31 PM,7:22,Turner Free Throw 2 of 2 (9 PTS),,,21 - 31,10,4,1629488,Brianna Turner,1611661317.0,Phoenix,Mercury,PHO,0,0,,,,,,0,0,,,,,,0
1042100313,215,4,1,2,3:31 PM,7:22,MERCURY Rebound,,,,,2,1611661317,,,,,,0,0,,,,,,0,0,,,,,,0
1042100313,176,2,5,2,3:32 PM,7:09,Griner BLOCK (2 BLK),,MISS Wilson 5' Layup,,,5,1628932,A'ja Wilson,1611661319.0,Las Vegas,Aces,LVA,0,0,,,,,,4,203398,Brittney Griner,1611661317.0,Phoenix,Mercury,PHO,1
1042100313,178,4,0,2,3:32 PM,7:07,Turner REBOUND (Off:0 Def:3),,,,,4,1629488,Brianna Turner,1611661317.0,Phoenix,Mercury,PHO,0,0,,,,,,0,0,,,,,,1
1042100313,180,6,1,2,3:32 PM,7:00,,,Plum P.FOUL (P1.T2),,,5,1628276,Kelsey Plum,1611661319.0,Las Vegas,Aces,LVA,4,100940,Diana Taurasi,1611661317.0,Phoenix,Mercury,PHO,1,0,,,,,,1
1042100313,182,8,0,2,3:32 PM,7:00,,,SUB: Gray FOR Wilson,,,5,1628932,A'ja Wilson,1611661319.0,Las Vegas,Aces,LVA,5,203833,Chelsea Gray,1611661319.0,Las Vegas,Aces,LVA,0,0,,,,,,0
1042100313,184,5,1,2,3:32 PM,6:56,Griner Bad Pass Turnover (P1.T4),,Plum STEAL (1 STL),,,4,203398,Brittney Griner,1611661317.0,Phoenix,Mercury,PHO,5,1628276,Kelsey Plum,1611661319.0,Las Vegas,Aces,LVA,0,0,,,,,,1
1042100313,187,6,9,2,3:33 PM,6:56,Diggins-Smith C.P.FOUL (P1.T1),,,,,4,203400,Skylar Diggins-Smith,1611661317.0,Phoenix,Mercury,PHO,5,1628276,Kelsey Plum,1611661319.0,Las Vegas,Aces,LVA,1,0,,,,,,1
1042100313,189,18,3,2,3:33 PM,6:56,,Instant Replay2nd Period (3:33 PM EST),,21 - 31,10,0,187,Terry Cummings,,,,,0,0,,,,,,1,0,,,,,,0
1042100313,190,3,25,2,3:34 PM,6:56,,,Plum Free Throw Clear Path 1 of 2 (1 PTS),22 - 31,9,5,1628276,Kelsey Plum,1611661319.0,Las Vegas,Aces,LVA,0,0,,,,,,0,0,,,,,,0
1042100313,191,3,26,2,3:34 PM,6:56,,,Plum Free Throw Clear Path 2 of 2 (2 PTS),23 - 31,8,5,1628276,Kelsey Plum,1611661319.0,Las Vegas,Aces,LVA,0,0,,,,,,0,0,,,,,,0
1042100313,192,2,1,2,3:34 PM,6:46,,,MISS Williams 25' 3PT Jump Shot,,,5,203029,Riquna Williams,1611661319.0,Las Vegas,Aces,LVA,0,0,,,,,,0,0,,,,,,1
1042100313,193,4,0,2,3:35 PM,6:43,Taurasi REBOUND (Off:0 Def:2),,,,,4,100940,Diana Taurasi,1611661317.0,Phoenix,Mercury,PHO,0,0,,,,,,0,0,,,,,,1
1042100313,194,10,0,2,3:35 PM,6:30,Jump Ball Griner vs. Hamby: Tip to Plum,,,,,4,203398,Brittney Griner,1611661317.0,Phoenix,Mercury,PHO,5,204324,Dearica Hamby,1611661319.0,Las Vegas,Aces,LVA,5,1628276,Kelsey Plum,1611661319.0,Las Vegas,Aces,LVA,1
1042100313,197,5,2,2,3:35 PM,6:30,Griner Lost Ball Turnover (P2.T5),,Hamby STEAL (1 STL),,,4,203398,Brittney Griner,1611661317.0,Phoenix,Mercury,PHO,5,204324,Dearica Hamby,1611661319.0,Las Vegas,Aces,LVA,0,0,,,,,,1
1042100313,199,6,28,2,3:35 PM,6:30,Taurasi Personal Take Foul (P1.T2),,,,,4,100940,Diana Taurasi,1611661317.0,Phoenix,Mercury,PHO,5,1628276,Kelsey Plum,1611661319.0,Las Vegas,Aces,LVA,1,0,,,,,,1
1042100313,201,6,4,2,3:36 PM,6:19,,,Hamby OFF.Foul (P2),,,5,204324,Dearica Hamby,1611661319.0,Las Vegas,Aces,LVA,4,1628915,Kia Nurse,1611661317.0,Phoenix,Mercury,PHO,1,0,,,,,,1
1042100313,203,5,37,2,3:36 PM,6:19,,,Hamby Offensive Foul Turnover (P1.T4),,,5,204324,Dearica Hamby,1611661319.0,Las Vegas,Aces,LVA,0,0,,,,,,1,0,,,,,,1
1042100313,204,8,0,2,3:36 PM,6:19,,,SUB: Wilson FOR Hamby,,,5,204324,Dearica Hamby,1611661319.0,Las Vegas,Aces,LVA,5,1628932,A'ja Wilson,1611661319.0,Las Vegas,Aces,LVA,0,0,,,,,,0
1042100313,205,8,0,2,3:36 PM,6:19,,,SUB: Cambage FOR Stokes,,,5,204329,Kiah Stokes,1611661319.0,Las Vegas,Aces,LVA,5,202633,Liz Cambage,1611661319.0,Las Vegas,Aces,LVA,0,0,,,,,,0
1042100313,208,1,5,2,3:37 PM,6:02,Turner 1' Layup (11 PTS) (Griner 4 AST),,,23 - 33,10,4,1629488,Brianna Turner,1611661317.0,Phoenix,Mercury,PHO,4,203398,Brittney Griner,1611661317.0,Phoenix,Mercury,PHO,0,0,,,,,,1
1042100313,210,1,47,2,3:37 PM,5:45,,,Cambage 7' Turnaround Jump Shot (5 PTS),25 - 33,8,5,202633,Liz Cambage,1611661319.0,Las Vegas,Aces,LVA,0,0,,,,,,0,0,,,,,,1
1042100313,211,1,1,2,3:37 PM,5:29,Griner 21' Jump Shot (4 PTS) (Diggins-Smith 2 AST),,,25 - 35,10,4,203398,Brittney Griner,1611661317.0,Phoenix,Mercury,PHO,4,203400,Skylar Diggins-Smith,1611661317.0,Phoenix,Mercury,PHO,0,0,,,,,,1
1042100313,213,5,45,2,3:37 PM,5:17,,,Plum Out of Bounds - Bad Pass Turnover Turnover (P3.T5),,,5,1628276,Kelsey Plum,1611661319.0,Las Vegas,Aces,LVA,0,0,,,,,,1,0,,,,,,1
1042100313,214,9,1,2,3:38 PM,5:17,MERCURY Timeout: Regular (Full 1 Short 0),,,,,2,1611661317,,,,,,0,0,,,,,,0,0,,,,,,0
1042100313,216,2,102,2,3:41 PM,5:03,MISS Griner 4' Driving Floating Bank Jump Shot,,,,,4,203398,Brittney Griner,1611661317.0,Phoenix,Mercury,PHO,0,0,,,,,,0,0,,,,,,1
1042100313,217,4,0,2,3:41 PM,5:01,,,Cambage REBOUND (Off:0 Def:3),,,5,202633,Liz Cambage,1611661319.0,Las Vegas,Aces,LVA,0,0,,,,,,0,0,,,,,,1
1042100313,218,5,1,2,3:41 PM,5:00,Nurse STEAL (1 STL),,Cambage Bad Pass Turnover (P1.T6),,,5,202633,Liz Cambage,1611661319.0,Las Vegas,Aces,LVA,4,1628915,Kia Nurse,1611661317.0,Phoenix,Mercury,PHO,0,0,,,,,,1
1042100313,220,5,1,2,3:41 PM,4:57,Nurse Bad Pass Turnover (P2.T6),,Cambage STEAL (1 STL),,,4,1628915,Kia Nurse,1611661317.0,Phoenix,Mercury,PHO,5,202633,Liz Cambage,1611661319.0,Las Vegas,Aces,LVA,0,0,,,,,,1
1042100313,222,2,105,2,3:41 PM,4:45,,,MISS Gray 5' Turnaround Fadeaway Bank Jump Shot,,,5,203833,Chelsea Gray,1611661319.0,Las Vegas,Aces,LVA,0,0,,,,,,0,0,,,,,,1
1042100313,223,4,0,2,3:41 PM,4:43,Griner REBOUND (Off:3 Def:3),,,,,4,203398,Brittney Griner,1611661317.0,Phoenix,Mercury,PHO,0,0,,,,,,0,0,,,,,,1
1042100313,224,2,79,2,3:41 PM,4:31,MISS Griner 8' Pullup Jump Shot,,,,,4,203398,Brittney Griner,1611661317.0,Phoenix,Mercury,PHO,0,0,,,,,,0,0,,,,,,1
1042100313,225,4,0,2,3:41 PM,4:27,,,Plum REBOUND (Off:0 Def:3),,,5,1628276,Kelsey Plum,1611661319.0,Las Vegas,Aces,LVA,0,0,,,,,,0,0,,,,,,1
1042100313,226,1,103,2,3:41 PM,4:24,,,Plum 13' Running Pull-Up Jump Shot (4 PTS),27 - 35,8,5,1628276,Kelsey Plum,1611661319.0,Las Vegas,Aces,LVA,0,0,,,,,,0,0,,,,,,1
1042100313,227,2,79,2,3:42 PM,3:57,MISS Nurse 9' Pullup Jump Shot,,,,,4,1628915,Kia Nurse,1611661317.0,Phoenix,Mercury,PHO,0,0,,,,,,0,0,,,,,,1
1042100313,228,4,0,2,3:42 PM,3:56,Turner REBOUND (Off:1 Def:3),,,,,4,1629488,Brianna Turner,1611661317.0,Phoenix,Mercury,PHO,0,0,,,,,,0,0,,,,,,1
1042100313,229,1,44,2,3:42 PM,3:55,Turner 2' Reverse Layup (13 PTS),,,27 - 37,10,4,1629488,Brianna Turner,1611661317.0,Phoenix,Mercury,PHO,0,0,,,,,,0,0,,,,,,1
1042100313,230,2,3,2,3:42 PM,3:44,,,MISS Wilson 2' Hook Shot,,,5,1628932,A'ja Wilson,1611661319.0,Las Vegas,Aces,LVA,0,0,,,,,,0,0,,,,,,1
1042100313,231,4,0,2,3:42 PM,3:41,Taurasi REBOUND (Off:0 Def:3),,,,,4,100940,Diana Taurasi,1611661317.0,Phoenix,Mercury,PHO,0,0,,,,,,0,0,,,,,,1
1042100313,232,1,41,2,3:42 PM,3:37,Turner 1' Running Layup (15 PTS) (Taurasi 3 AST),,,27 - 39,12,4,1629488,Brianna Turner,1611661317.0,Phoenix,Mercury,PHO,4,100940,Diana Taurasi,1611661317.0,Phoenix,Mercury,PHO,0,0,,,,,,1
1042100313,234,9,1,2,3:43 PM,3:25,,,Aces Timeout: Regular (Reg.1 Short 0),,,3,1611661319,,,,,,0,0,,,,,,0,0,,,,,,0
1042100313,235,8,0,2,3:45 PM,3:25,SUB: Cunningham FOR Nurse,,,,,4,1628915,Kia Nurse,1611661317.0,Phoenix,Mercury,PHO,4,1629482,Sophie Cunningham,1611661317.0,Phoenix,Mercury,PHO,0,0,,,,,,0
1042100313,236,8,0,2,3:45 PM,3:25,SUB: Peddy FOR Taurasi,,,,,4,100940,Diana Taurasi,1611661317.0,Phoenix,Mercury,PHO,4,203035,Shey Peddy,1611661317.0,Phoenix,Mercury,PHO,0,0,,,,,,0
1042100313,237,8,0,2,3:45 PM,3:25,,,SUB: Hamby FOR Williams,,,5,203029,Riquna Williams,1611661319.0,Las Vegas,Aces,LVA,5,204324,Dearica Hamby,1611661319.0,Las Vegas,Aces,LVA,0,0,,,,,,0
1042100313,241,2,6,2,3:46 PM,3:19,Cunningham BLOCK (1 BLK),,MISS Hamby 2' Driving Layup,,,5,204324,Dearica Hamby,1611661319.0,Las Vegas,Aces,LVA,0,0,,,,,,4,1629482,Sophie Cunningham,1611661317.0,Phoenix,Mercury,PHO,1
1042100313,243,4,0,2,3:46 PM,3:17,Turner REBOUND (Off:1 Def:4),,,,,4,1629488,Brianna Turner,1611661317.0,Phoenix,Mercury,PHO,0,0,,,,,,0,0,,,,,,1
1042100313,244,2,103,2,3:46 PM,3:13,MISS Cunningham 25' 3PT Running Pull-Up Jump Shot,,,,,4,1629482,Sophie Cunningham,1611661317.0,Phoenix,Mercury,PHO,0,0,,,,,,0,0,,,,,,1
1042100313,245,4,0,2,3:46 PM,3:10,Turner REBOUND (Off:2 Def:4),,,,,4,1629488,Brianna Turner,1611661317.0,Phoenix,Mercury,PHO,0,0,,,,,,0,0,,,,,,1
1042100313,246,6,2,2,3:46 PM,3:07,,,Hamby S.FOUL (P3.T3),,,5,204324,Dearica Hamby,1611661319.0,Las Vegas,Aces,LVA,4,1629482,Sophie Cunningham,1611661317.0,Phoenix,Mercury,PHO,1,0,,,,,,1
1042100313,248,3,13,2,3:47 PM,3:07,Cunningham Free Throw 1 of 3 (6 PTS),,,27 - 40,13,4,1629482,Sophie Cunningham,1611661317.0,Phoenix,Mercury,PHO,0,0,,,,,,0,0,,,,,,0
1042100313,249,3,14,2,3:47 PM,3:07,Cunningham Free Throw 2 of 3 (7 PTS),,,27 - 41,14,4,1629482,Sophie Cunningham,1611661317.0,Phoenix,Mercury,PHO,0,0,,,,,,0,0,,,,,,0
1042100313,250,8,0,2,3:47 PM,3:07,,,SUB: Young FOR Hamby,,,5,204324,Dearica Hamby,1611661319.0,Las Vegas,Aces,LVA,5,1629498,Jackie Young,1611661319.0,Las Vegas,Aces,LVA,0,0,,,,,,0
1042100313,252,3,15,2,3:47 PM,3:07,Cunningham Free Throw 3 of 3 (8 PTS),,,27 - 42,15,4,1629482,Sophie Cunningham,1611661317.0,Phoenix,Mercury,PHO,0,0,,,,,,0,0,,,,,,0
1042100313,253,2,1,2,3:48 PM,2:49,,,MISS Wilson 12' Jump Shot,,,5,1628932,A'ja Wilson,1611661319.0,Las Vegas,Aces,LVA,0,0,,,,,,0,0,,,,,,1
1042100313,254,4,0,2,3:48 PM,2:44,Griner REBOUND (Off:3 Def:4),,,,,4,203398,Brittney Griner,1611661317.0,Phoenix,Mercury,PHO,0,0,,,,,,0,0,,,,,,1
1042100313,255,5,4,2,3:48 PM,2:33,Peddy Traveling Turnover (P2.T7),,,,,4,203035,Shey Peddy,1611661317.0,Phoenix,Mercury,PHO,0,0,,,,,,1,0,,,,,,1
1042100313,256,8,0,2,3:48 PM,2:33,SUB: Nurse FOR Cunningham,,,,,4,1629482,Sophie Cunningham,1611661317.0,Phoenix,Mercury,PHO,4,1628915,Kia Nurse,1611661317.0,Phoenix,Mercury,PHO,0,0,,,,,,0
1042100313,258,2,79,2,3:48 PM,2:20,,,MISS Young 11' Pullup Jump Shot,,,5,1629498,Jackie Young,1611661319.0,Las Vegas,Aces,LVA,0,0,,,,,,0,0,,,,,,1
1042100313,259,4,0,2,3:48 PM,2:16,Peddy REBOUND (Off:0 Def:3),,,,,4,203035,Shey Peddy,1611661317.0,Phoenix,Mercury,PHO,0,0,,,,,,0,0,,,,,,1
1042100313,260,2,73,2,3:48 PM,2:08,MISS Peddy 1' Driving Reverse Layup,,,,,4,203035,Shey Peddy,1611661317.0,Phoenix,Mercury,PHO,0,0,,,,,,0,0,,,,,,1
1042100313,261,4,0,2,3:48 PM,2:06,Turner REBOUND (Off:3 Def:4),,,,,4,1629488,Brianna Turner,1611661317.0,Phoenix,Mercury,PHO,0,0,,,,,,0,0,,,,,,1
1042100313,262,1,44,2,3:48 PM,2:06,Turner 2' Reverse Layup (17 PTS),,,27 - 44,17,4,1629488,Brianna Turner,1611661317.0,Phoenix,Mercury,PHO,0,0,,,,,,0,0,,,,,,1
1042100313,264,6,1,2,3:49 PM,1:55,Diggins-Smith P.FOUL (P2.T3),,,,,4,203400,Skylar Diggins-Smith,1611661317.0,Phoenix,Mercury,PHO,5,202633,Liz Cambage,1611661319.0,Las Vegas,Aces,LVA,1,0,,,,,,1
1042100313,267,18,1,2,3:49 PM,1:55,,Instant Replay2nd Period (3:49 PM EST),,27 - 44,17,0,263,,,,,,0,0,,,,,,1,0,,,,,,0
1042100313,268,8,0,2,3:50 PM,1:55,,,SUB: Stokes FOR Wilson,,,5,1628932,A'ja Wilson,1611661319.0,Las Vegas,Aces,LVA,5,204329,Kiah Stokes,1611661319.0,Las Vegas,Aces,LVA,0,0,,,,,,0
1042100313,270,2,80,2,3:50 PM,1:49,Griner BLOCK (3 BLK),,MISS Plum 15' Step Back Jump Shot,,,5,1628276,Kelsey Plum,1611661319.0,Las Vegas,Aces,LVA,0,0,,,,,,4,203398,Brittney Griner,1611661317.0,Phoenix,Mercury,PHO,1
1042100313,272,4,0,2,3:50 PM,1:47,Diggins-Smith REBOUND (Off:0 Def:2),,,,,4,203400,Skylar Diggins-Smith,1611661317.0,Phoenix,Mercury,PHO,0,0,,,,,,0,0,,,,,,1
1042100313,273,1,41,2,3:50 PM,1:43,Griner 3' Running Layup (6 PTS) (Diggins-Smith 3 AST),,,27 - 46,19,4,203398,Brittney Griner,1611661317.0,Phoenix,Mercury,PHO,4,203400,Skylar Diggins-Smith,1611661317.0,Phoenix,Mercury,PHO,0,0,,,,,,1
1042100313,275,1,80,2,3:51 PM,1:30,,,Gray 16' Step Back Jump Shot (2 PTS) (Stokes 1 AST),29 - 46,17,5,203833,Chelsea Gray,1611661319.0,Las Vegas,Aces,LVA,5,204329,Kiah Stokes,1611661319.0,Las Vegas,Aces,LVA,0,0,,,,,,1
1042100313,277,2,102,2,3:51 PM,1:13,MISS Diggins-Smith 8' Driving Floating Bank Jump Shot,,,,,4,203400,Skylar Diggins-Smith,1611661317.0,Phoenix,Mercury,PHO,0,0,,,,,,0,0,,,,,,1
1042100313,278,4,0,2,3:51 PM,1:11,,,Plum REBOUND (Off:0 Def:4),,,5,1628276,Kelsey Plum,1611661319.0,Las Vegas,Aces,LVA,0,0,,,,,,0,0,,,,,,1
1042100313,279,5,45,2,3:51 PM,1:03,,,Cambage Out of Bounds - Bad Pass Turnover Turnover (P2.T7),,,5,202633,Liz Cambage,1611661319.0,Las Vegas,Aces,LVA,0,0,,,,,,1,0,,,,,,1
1042100313,280,8,0,2,3:51 PM,1:03,SUB: Taurasi FOR Peddy,,,,,4,203035,Shey Peddy,1611661317.0,Phoenix,Mercury,PHO,4,100940,Diana Taurasi,1611661317.0,Phoenix,Mercury,PHO,0,0,,,,,,0
1042100313,282,6,1,2,3:52 PM,0:46,,,Cambage P.FOUL (P1.T4),,,5,202633,Liz Cambage,1611661319.0,Las Vegas,Aces,LVA,4,203398,Brittney Griner,1611661317.0,Phoenix,Mercury,PHO,1,0,,,,,,1
1042100313,284,2,79,2,3:52 PM,0:39,MISS Nurse 11' Pullup Jump Shot,,,,,4,1628915,Kia Nurse,1611661317.0,Phoenix,Mercury,PHO,0,0,,,,,,0,0,,,,,,1
1042100313,285,4,0,2,3:52 PM,0:36,,,Aces Rebound,,,3,1611661319,,,,,,0,0,,,,,,0,0,,,,,,0
1042100313,287,1,79,2,3:52 PM,0:31,,,Gray 14' Pullup Jump Shot (4 PTS),31 - 46,15,5,203833,Chelsea Gray,1611661319.0,Las Vegas,Aces,LVA,0,0,,,,,,0,0,,,,,,1
1042100313,288,2,6,2,3:53 PM,0:17,MISS Diggins-Smith 1' Driving Layup,,Cambage BLOCK (1 BLK),,,4,203400,Skylar Diggins-Smith,1611661317.0,Phoenix,Mercury,PHO,0,0,,,,,,5,202633,Liz Cambage,1611661319.0,Las Vegas,Aces,LVA,1
1042100313,289,4,0,2,3:53 PM,0:14,Turner REBOUND (Off:4 Def:4),,,,,4,1629488,Brianna Turner,1611661317.0,Phoenix,Mercury,PHO,0,0,,,,,,0,0,,,,,,1
1042100313,291,2,43,2,3:53 PM,0:06,MISS Griner 1' Alley Oop Layup,,,,,4,203398,Brittney Griner,1611661317.0,Phoenix,Mercury,PHO,0,0,,,,,,0,0,,,,,,1
1042100313,292,4,0,2,3:53 PM,0:06,Turner REBOUND (Off:5 Def:4),,,,,4,1629488,Brianna Turner,1611661317.0,Phoenix,Mercury,PHO,0,0,,,,,,0,0,,,,,,1
1042100313,293,2,97,2,3:53 PM,0:01,MISS Turner 1' Tip Layup Shot,,,,,4,1629488,Brianna Turner,1611661317.0,Phoenix,Mercury,PHO,0,0,,,,,,0,0,,,,,,1
1042100313,294,4,0,2,3:53 PM,0:00,,,Gray REBOUND (Off:0 Def:2),,,5,203833,Chelsea Gray,1611661319.0,Las Vegas,Aces,LVA,0,0,,,,,,0,0,,,,,,1
1042100313,295,13,0,2,3:53 PM,0:00,,End of 2nd Period (3:53 PM EST),,31 - 46,15,0,0,,,,,,0,0,,,,,,0,0,,,,,,1
1042100313,300,12,0,3,4:09 PM,10:00,,Start of 3rd Period (4:09 PM EST),,31 - 46,15,0,0,,,,,,0,0,,,,,,0,0,,,,,,0
1042100313,301,2,79,3,4:09 PM,9:46,,,MISS Young 18' Pullup Jump Shot,,,5,1629498,Jackie Young,1611661319.0,Las Vegas,Aces,LVA,0,0,,,,,,0,0,,,,,,1
1042100313,302,4,0,3,4:09 PM,9:44,Taurasi REBOUND (Off:0 Def:4),,,,,4,100940,Diana Taurasi,1611661317.0,Phoenix,Mercury,PHO,0,0,,,,,,0,0,,,,,,1
1042100313,304,1,80,3,4:10 PM,9:29,Nurse 3PT Step Back Jump Shot (3 PTS) (Taurasi 4 AST),,,31 - 49,18,4,1628915,Kia Nurse,1611661317.0,Phoenix,Mercury,PHO,4,100940,Diana Taurasi,1611661317.0,Phoenix,Mercury,PHO,0,0,,,,,,1
1042100313,306,6,1,3,4:10 PM,9:17,Nurse P.FOUL (P1.T1),,,,,4,1628915,Kia Nurse,1611661317.0,Phoenix,Mercury,PHO,5,203029,Riquna Williams,1611661319.0,Las Vegas,Aces,LVA,1,0,,,,,,1
1042100313,308,6,1,3,4:10 PM,9:09,Diggins-Smith P.FOUL (P3.T2),,,,,4,203400,Skylar Diggins-Smith,1611661317.0,Phoenix,Mercury,PHO,5,203833,Chelsea Gray,1611661319.0,Las Vegas,Aces,LVA,1,0,,,,,,1
1042100313,310,2,47,3,4:11 PM,8:58,,,MISS Cambage 4' Turnaround Jump Shot,,,5,202633,Liz Cambage,1611661319.0,Las Vegas,Aces,LVA,0,0,,,,,,0,0,,,,,,1
1042100313,311,4,0,3,4:11 PM,8:56,Diggins-Smith REBOUND (Off:0 Def:3),,,,,4,203400,Skylar Diggins-Smith,1611661317.0,Phoenix,Mercury,PHO,0,0,,,,,,0,0,,,,,,1
1042100313,312,2,79,3,4:11 PM,8:48,MISS Taurasi 24' 3PT Pullup Jump Shot,,,,,4,100940,Diana Taurasi,1611661317.0,Phoenix,Mercury,PHO,0,0,,,,,,0,0,,,,,,1
1042100313,313,4,0,3,4:11 PM,8:47,,,Aces Rebound,,,3,1611661319,,,,,,0,0,,,,,,0,0,,,,,,0
1042100313,315,2,1,3,4:11 PM,8:33,,,MISS Wilson 20' Jump Shot,,,5,1628932,A'ja Wilson,1611661319.0,Las Vegas,Aces,LVA,0,0,,,,,,0,0,,,,,,1
1042100313,316,4,0,3,4:11 PM,8:32,MERCURY Rebound,,,,,2,1611661317,,,,,,0,0,,,,,,0,0,,,,,,0
1042100313,318,1,5,3,4:12 PM,8:18,Griner 3' Layup (8 PTS) (Diggins-Smith 4 AST),,,31 - 51,20,4,203398,Brittney Griner,1611661317.0,Phoenix,Mercury,PHO,4,203400,Skylar Diggins-Smith,1611661317.0,Phoenix,Mercury,PHO,0,0,,,,,,1
1042100313,320,1,76,3,4:12 PM,8:04,,,Wilson 3' Running Finger Roll Layup (4 PTS) (Gray 1 AST),33 - 51,18,5,1628932,A'ja Wilson,1611661319.0,Las Vegas,Aces,LVA,5,203833,Chelsea Gray,1611661319.0,Las Vegas,Aces,LVA,0,0,,,,,,1
1042100313,322,1,1,3,4:12 PM,7:52,Griner 18' Jump Shot (10 PTS) (Diggins-Smith 5 AST),,,33 - 53,20,4,203398,Brittney Griner,1611661317.0,Phoenix,Mercury,PHO,4,203400,Skylar Diggins-Smith,1611661317.0,Phoenix,Mercury,PHO,0,0,,,,,,1
1042100313,324,1,5,3,4:12 PM,7:44,,,Cambage 2' Layup (7 PTS) (Young 2 AST),35 - 53,18,5,202633,Liz Cambage,1611661319.0,Las Vegas,Aces,LVA,5,1629498,Jackie Young,1611661319.0,Las Vegas,Aces,LVA,0,0,,,,,,1
1042100313,326,6,2,3,4:12 PM,7:44,Griner S.FOUL (P2.T3),,,,,4,203398,Brittney Griner,1611661317.0,Phoenix,Mercury,PHO,5,202633,Liz Cambage,1611661319.0,Las Vegas,Aces,LVA,1,0,,,,,,1
1042100313,328,3,10,3,4:13 PM,7:44,,,Cambage Free Throw 1 of 1 (8 PTS),36 - 53,17,5,202633,Liz Cambage,1611661319.0,Las Vegas,Aces,LVA,0,0,,,,,,0,0,,,,,,0
1042100313,329,1,1,3,4:13 PM,7:21,Griner 3' Jump Shot (12 PTS) (Diggins-Smith 6 AST),,,36 - 55,19,4,203398,Brittney Griner,1611661317.0,Phoenix,Mercury,PHO,4,203400,Skylar Diggins-Smith,1611661317.0,Phoenix,Mercury,PHO,0,0,,,,,,1
1042100313,331,6,2,3,4:13 PM,7:06,Turner S.FOUL (P1.T4),,,,,4,1629488,Brianna Turner,1611661317.0,Phoenix,Mercury,PHO,5,1628932,A'ja Wilson,1611661319.0,Las Vegas,Aces,LVA,1,0,,,,,,1
1042100313,333,3,11,3,4:14 PM,7:06,,,Wilson Free Throw 1 of 2 (5 PTS),37 - 55,18,5,1628932,A'ja Wilson,1611661319.0,Las Vegas,Aces,LVA,0,0,,,,,,0,0,,,,,,0
1042100313,334,8,0,3,4:14 PM,7:06,,,SUB: Hamby FOR Cambage,,,5,202633,Liz Cambage,1611661319.0,Las Vegas,Aces,LVA,5,204324,Dearica Hamby,1611661319.0,Las Vegas,Aces,LVA,0,0,,,,,,0
1042100313,336,3,12,3,4:14 PM,7:06,,,Wilson Free Throw 2 of 2 (6 PTS),38 - 55,17,5,1628932,A'ja Wilson,1611661319.0,Las Vegas,Aces,LVA,0,0,,,,,,0,0,,,,,,0
1042100313,337,1,1,3,4:15 PM,6:53,Griner 16' Jump Shot (14 PTS) (Taurasi 5 AST),,,38 - 57,19,4,203398,Brittney Griner,1611661317.0,Phoenix,Mercury,PHO,4,100940,Diana Taurasi,1611661317.0,Phoenix,Mercury,PHO,0,0,,,,,,1
1042100313,339,6,2,3,4:15 PM,6:33,Griner S.FOUL (P3.PN),,,,,4,203398,Brittney Griner,1611661317.0,Phoenix,Mercury,PHO,5,1628932,A'ja Wilson,1611661319.0,Las Vegas,Aces,LVA,1,0,,,,,,1
1042100313,341,3,11,3,4:15 PM,6:33,,,Wilson Free Throw 1 of 2 (7 PTS),39 - 57,18,5,1628932,A'ja Wilson,1611661319.0,Las Vegas,Aces,LVA,0,0,,,,,,0,0,,,,,,0
1042100313,342,3,12,3,4:15 PM,6:33,,,MISS Wilson Free Throw 2 of 2,,,5,1628932,A'ja Wilson,1611661319.0,Las Vegas,Aces,LVA,0,0,,,,,,0,0,,,,,,0
1042100313,343,4,0,3,4:15 PM,6:31,Griner REBOUND (Off:3 Def:5),,,,,4,203398,Brittney Griner,1611661317.0,Phoenix,Mercury,PHO,0,0,,,,,,0,0,,,,,,1
1042100313,344,2,1,3,4:16 PM,6:16,MISS Diggins-Smith 24' 3PT Jump Shot,,,,,4,203400,Skylar Diggins-Smith,1611661317.0,Phoenix,Mercury,PHO,0,0,,,,,,0,0,,,,,,1
1042100313,345,4,0,3,4:16 PM,6:14,,,Gray REBOUND (Off:0 Def:3),,,5,203833,Chelsea Gray,1611661319.0,Las Vegas,Aces,LVA,0,0,,,,,,0,0,,,,,,1
1042100313,346,2,79,3,4:16 PM,6:07,,,MISS Gray 19' Pullup Jump Shot,,,5,203833,Chelsea Gray,1611661319.0,Las Vegas,Aces,LVA,0,0,,,,,,0,0,,,,,,1
1042100313,347,4,0,3,4:16 PM,6:04,Diggins-Smith REBOUND (Off:0 Def:4),,,,,4,203400,Skylar Diggins-Smith,1611661317.0,Phoenix,Mercury,PHO,0,0,,,,,,0,0,,,,,,1
1042100313,348,5,4,3,4:16 PM,5:57,Griner Traveling Turnover (P3.T8),,,,,4,203398,Brittney Griner,1611661317.0,Phoenix,Mercury,PHO,0,0,,,,,,1,0,,,,,,1
1042100313,349,2,79,3,4:17 PM,5:40,,,MISS Wilson 6' Pullup Jump Shot,,,5,1628932,A'ja Wilson,1611661319.0,Las Vegas,Aces,LVA,0,0,,,,,,0,0,,,,,,1
1042100313,350,4,0,3,4:17 PM,5:37,Griner REBOUND (Off:3 Def:6),,,,,4,203398,Brittney Griner,1611661317.0,Phoenix,Mercury,PHO,0,0,,,,,,0,0,,,,,,1
1042100313,351,2,1,3,4:17 PM,5:28,MISS Taurasi 24' 3PT Jump Shot,,,,,4,100940,Diana Taurasi,1611661317.0,Phoenix,Mercury,PHO,0,0,,,,,,0,0,,,,,,1
1042100313,352,4,0,3,4:17 PM,5:27,Nurse REBOUND (Off:1 Def:3),,,,,4,1628915,Kia Nurse,1611661317.0,Phoenix,Mercury,PHO,0,0,,,,,,0,0,,,,,,1
1042100313,353,1,5,3,4:17 PM,5:25,Turner 2' Layup (19 PTS) (Diggins-Smith 7 AST),,,39 - 59,20,4,1629488,Brianna Turner,1611661317.0,Phoenix,Mercury,PHO,4,203400,Skylar Diggins-Smith,1611661317.0,Phoenix,Mercury,PHO,0,0,,,,,,1
1042100313,355,1,1,3,4:17 PM,5:09,,,Williams 5' Jump Shot (4 PTS) (Hamby 2 AST),41 - 59,18,5,203029,Riquna Williams,1611661319.0,Las Vegas,Aces,LVA,5,204324,Dearica Hamby,1611661319.0,Las Vegas,Aces,LVA,0,0,,,,,,1
1042100313,357,1,105,3,4:18 PM,4:54,Griner 4' Turnaround Fadeaway Bank Jump Shot (16 PTS),,,41 - 61,20,4,203398,Brittney Griner,1611661317.0,Phoenix,Mercury,PHO,0,0,,,,,,0,0,,,,,,1
1042100313,358,1,1,3,4:18 PM,4:40,,,Williams 25' 3PT Jump Shot (7 PTS) (Young 3 AST),44 - 61,17,5,203029,Riquna Williams,1611661319.0,Las Vegas,Aces,LVA,5,1629498,Jackie Young,1611661319.0,Las Vegas,Aces,LVA,0,0,,,,,,1
1042100313,360,1,6,3,4:18 PM,4:25,Taurasi 3' Driving Layup (8 PTS),,,44 - 63,19,4,100940,Diana Taurasi,1611661317.0,Phoenix,Mercury,PHO,0,0,,,,,,0,0,,,,,,1
1042100313,361,2,1,3,4:18 PM,4:17,,,MISS Williams 25' 3PT Jump Shot,,,5,203029,Riquna Williams,1611661319.0,Las Vegas,Aces,LVA,0,0,,,,,,0,0,,,,,,1
1042100313,362,4,0,3,4:18 PM,4:14,Turner REBOUND (Off:5 Def:5),,,,,4,1629488,Brianna Turner,1611661317.0,Phoenix,Mercury,PHO,0,0,,,,,,0,0,,,,,,1
1042100313,363,6,1,3,4:18 PM,4:08,,,Hamby P.FOUL (P4.T1),,,5,204324,Dearica Hamby,1611661319.0,Las Vegas,Aces,LVA,4,1629488,Brianna Turner,1611661317.0,Phoenix,Mercury,PHO,1,0,,,,,,1
1042100313,365,9,4,3,4:19 PM,4:08,,Timeout: Official,,,,1,0,,,,,,0,0,,,,,,0,0,,,,,,0
1042100313,366,8,0,3,4:21 PM,4:08,SUB: Peddy FOR Taurasi,,,,,4,100940,Diana Taurasi,1611661317.0,Phoenix,Mercury,PHO,4,203035,Shey Peddy,1611661317.0,Phoenix,Mercury,PHO,0,0,,,,,,0
1042100313,367,8,0,3,4:21 PM,4:08,SUB: Vaughn FOR Turner,,,,,4,1629488,Brianna Turner,1611661317.0,Phoenix,Mercury,PHO,4,201913,Kia Vaughn,1611661317.0,Phoenix,Mercury,PHO,0,0,,,,,,0
1042100313,368,8,0,3,4:21 PM,4:08,,,SUB: Plum FOR Young,,,5,1629498,Jackie Young,1611661319.0,Las Vegas,Aces,LVA,5,1628276,Kelsey Plum,1611661319.0,Las Vegas,Aces,LVA,0,0,,,,,,0
1042100313,369,8,0,3,4:21 PM,4:08,,,SUB: Cambage FOR Gray,,,5,203833,Chelsea Gray,1611661319.0,Las Vegas,Aces,LVA,5,202633,Liz Cambage,1611661319.0,Las Vegas,Aces,LVA,0,0,,,,,,0
1042100313,374,2,47,3,4:22 PM,3:54,MISS Griner 7' Turnaround Jump Shot,,,,,4,203398,Brittney Griner,1611661317.0,Phoenix,Mercury,PHO,0,0,,,,,,0,0,,,,,,0
1042100313,375,4,0,3,4:22 PM,3:53,,,Cambage REBOUND (Off:0 Def:4),,,5,202633,Liz Cambage,1611661319.0,Las Vegas,Aces,LVA,0,0,,,,,,0,0,,,,,,0
1042100313,376,2,1,3,4:22 PM,3:40,,,MISS Plum 25' 3PT Jump Shot,,,5,1628276,Kelsey Plum,1611661319.0,Las Vegas,Aces,LVA,0,0,,,,,,0,0,,,,,,0
1042100313,377,4,0,3,4:23 PM,3:37,Peddy REBOUND (Off:0 Def:4),,,,,4,203035,Shey Peddy,1611661317.0,Phoenix,Mercury,PHO,0,0,,,,,,0,0,,,,,,0
1042100313,378,1,1,3,4:23 PM,3:27,Nurse 24' 3PT Jump Shot (6 PTS) (Vaughn 2 AST),,,44 - 66,22,4,1628915,Kia Nurse,1611661317.0,Phoenix,Mercury,PHO,4,201913,Kia Vaughn,1611661317.0,Phoenix,Mercury,PHO,0,0,,,,,,0
1042100313,380,2,1,3,4:23 PM,3:07,,,MISS Cambage 24' 3PT Jump Shot,,,5,202633,Liz Cambage,1611661319.0,Las Vegas,Aces,LVA,0,0,,,,,,0,0,,,,,,1
1042100313,381,4,0,3,4:23 PM,3:06,Peddy REBOUND (Off:0 Def:5),,,,,4,203035,Shey Peddy,1611661317.0,Phoenix,Mercury,PHO,0,0,,,,,,0,0,,,,,,1
1042100313,382,6,1,3,4:23 PM,3:06,,,Hamby P.FOUL (P5.T2),,,5,204324,Dearica Hamby,1611661319.0,Las Vegas,Aces,LVA,4,203035,Shey Peddy,1611661317.0,Phoenix,Mercury,PHO,1,0,,,,,,1
1042100313,384,1,1,3,4:24 PM,2:48,Vaughn 14' Jump Shot (2 PTS) (Diggins-Smith 8 AST),,,44 - 68,24,4,201913,Kia Vaughn,1611661317.0,Phoenix,Mercury,PHO,4,203400,Skylar Diggins-Smith,1611661317.0,Phoenix,Mercury,PHO,0,0,,,,,,1
1042100313,386,2,1,3,4:24 PM,2:29,,,MISS Williams 25' 3PT Jump Shot,,,5,203029,Riquna Williams,1611661319.0,Las Vegas,Aces,LVA,0,0,,,,,,0,0,,,,,,1
1042100313,387,4,0,3,4:24 PM,2:26,Peddy REBOUND (Off:0 Def:6),,,,,4,203035,Shey Peddy,1611661317.0,Phoenix,Mercury,PHO,0,0,,,,,,0,0,,,,,,1
1042100313,388,5,1,3,4:24 PM,2:14,Peddy Bad Pass Turnover (P3.T9),,Hamby STEAL (2 STL),,,4,203035,Shey Peddy,1611661317.0,Phoenix,Mercury,PHO,5,204324,Dearica Hamby,1611661319.0,Las Vegas,Aces,LVA,0,0,,,,,,1
1042100313,390,1,41,3,4:24 PM,2:10,,,Hamby 2' Running Layup (8 PTS),46 - 68,22,5,204324,Dearica Hamby,1611661319.0,Las Vegas,Aces,LVA,0,0,,,,,,0,0,,,,,,1
1042100313,391,2,1,3,4:25 PM,1:52,MISS Nurse 24' 3PT Jump Shot,,,,,4,1628915,Kia Nurse,1611661317.0,Phoenix,Mercury,PHO,0,0,,,,,,0,0,,,,,,1
1042100313,392,4,0,3,4:25 PM,1:49,,,Cambage REBOUND (Off:0 Def:5),,,5,202633,Liz Cambage,1611661319.0,Las Vegas,Aces,LVA,0,0,,,,,,0,0,,,,,,1
1042100313,393,6,2,3,4:25 PM,1:41,Griner S.FOUL (P4.PN),,,,,4,203398,Brittney Griner,1611661317.0,Phoenix,Mercury,PHO,5,1628932,A'ja Wilson,1611661319.0,Las Vegas,Aces,LVA,1,0,,,,,,1
1042100313,395,3,11,3,4:25 PM,1:41,,,Wilson Free Throw 1 of 2 (8 PTS),47 - 68,21,5,1628932,A'ja Wilson,1611661319.0,Las Vegas,Aces,LVA,0,0,,,,,,0,0,,,,,,0
1042100313,396,8,0,3,4:25 PM,1:41,SUB: Taurasi FOR Nurse,,,,,4,1628915,Kia Nurse,1611661317.0,Phoenix,Mercury,PHO,4,100940,Diana Taurasi,1611661317.0,Phoenix,Mercury,PHO,0,0,,,,,,0
1042100313,397,8,0,3,4:25 PM,1:41,SUB: Walker FOR Diggins-Smith,,,,,4,203400,Skylar Diggins-Smith,1611661317.0,Phoenix,Mercury,PHO,4,1630136,Megan Walker,1611661317.0,Phoenix,Mercury,PHO,0,0,,,,,,0
1042100313,398,8,0,3,4:25 PM,1:41,SUB: Turner FOR Griner,,,,,4,203398,Brittney Griner,1611661317.0,Phoenix,Mercury,PHO,4,1629488,Brianna Turner,1611661317.0,Phoenix,Mercury,PHO,0,0,,,,,,0
1042100313,399,8,0,3,4:25 PM,1:41,,,SUB: Young FOR Hamby,,,5,204324,Dearica Hamby,1611661319.0,Las Vegas,Aces,LVA,5,1629498,Jackie Young,1611661319.0,Las Vegas,Aces,LVA,0,0,,,,,,0
1042100313,404,3,12,3,4:25 PM,1:41,,,MISS Wilson Free Throw 2 of 2,,,5,1628932,A'ja Wilson,1611661319.0,Las Vegas,Aces,LVA,0,0,,,,,,0,0,,,,,,0
1042100313,405,4,0,3,4:25 PM,1:39,Turner REBOUND (Off:5 Def:6),,,,,4,1629488,Brianna Turner,1611661317.0,Phoenix,Mercury,PHO,0,0,,,,,,0,0,,,,,,1
1042100313,406,5,21,3,4:26 PM,1:27,Taurasi Palming Turnover (P2.T10),,,,,4,100940,Diana Taurasi,1611661317.0,Phoenix,Mercury,PHO,0,0,,,,,,1,0,,,,,,1
1042100313,407,1,3,3,4:26 PM,1:14,,,Cambage 4' Hook Shot (10 PTS) (Wilson 1 AST),49 - 68,19,5,202633,Liz Cambage,1611661319.0,Las Vegas,Aces,LVA,5,1628932,A'ja Wilson,1611661319.0,Las Vegas,Aces,LVA,0,0,,,,,,1
1042100313,408,6,2,3,4:26 PM,1:14,Walker S.FOUL (P1.PN),,,,,4,1630136,Megan Walker,1611661317.0,Phoenix,Mercury,PHO,5,202633,Liz Cambage,1611661319.0,Las Vegas,Aces,LVA,1,0,,,,,,1
1042100313,411,3,10,3,4:27 PM,1:14,,,Cambage Free Throw 1 of 1 (11 PTS),50 - 68,18,5,202633,Liz Cambage,1611661319.0,Las Vegas,Aces,LVA,0,0,,,,,,0,0,,,,,,0
1042100313,416,8,0,3,4:27 PM,1:14,,,SUB: Gray FOR Williams,,,5,203029,Riquna Williams,1611661319.0,Las Vegas,Aces,LVA,5,203833,Chelsea Gray,1611661319.0,Las Vegas,Aces,LVA,0,0,,,,,,0
1042100313,412,2,1,3,4:27 PM,1:00,MISS Taurasi 14' Jump Shot,,,,,4,100940,Diana Taurasi,1611661317.0,Phoenix,Mercury,PHO,0,0,,,,,,0,0,,,,,,1
1042100313,413,4,0,3,4:27 PM,0:55,,,Gray REBOUND (Off:0 Def:4),,,5,203833,Chelsea Gray,1611661319.0,Las Vegas,Aces,LVA,0,0,,,,,,0,0,,,,,,1
1042100313,414,6,1,3,4:27 PM,0:55,Peddy P.FOUL (P2.PN),,,,,4,203035,Shey Peddy,1611661317.0,Phoenix,Mercury,PHO,5,203833,Chelsea Gray,1611661319.0,Las Vegas,Aces,LVA,1,0,,,,,,1
1042100313,418,3,11,3,4:28 PM,0:55,,,Gray Free Throw 1 of 2 (5 PTS),51 - 68,17,5,203833,Chelsea Gray,1611661319.0,Las Vegas,Aces,LVA,0,0,,,,,,0,0,,,,,,0
1042100313,419,3,12,3,4:28 PM,0:55,,,Gray Free Throw 2 of 2 (6 PTS),52 - 68,16,5,203833,Chelsea Gray,1611661319.0,Las Vegas,Aces,LVA,0,0,,,,,,0,0,,,,,,0
1042100313,420,6,1,3,4:28 PM,0:43,,,Plum P.FOUL (P2.T3),,,5,1628276,Kelsey Plum,1611661319.0,Las Vegas,Aces,LVA,4,100940,Diana Taurasi,1611661317.0,Phoenix,Mercury,PHO,1,0,,,,,,1
1042100313,422,2,1,3,4:29 PM,0:35,MISS Vaughn 15' Jump Shot,,,,,4,201913,Kia Vaughn,1611661317.0,Phoenix,Mercury,PHO,0,0,,,,,,0,0,,,,,,1
1042100313,423,4,0,3,4:29 PM,0:31,Peddy REBOUND (Off:1 Def:6),,,,,4,203035,Shey Peddy,1611661317.0,Phoenix,Mercury,PHO,0,0,,,,,,0,0,,,,,,1
1042100313,424,6,2,3,4:29 PM,0:28,,,Cambage S.FOUL (P2.PN),,,5,202633,Liz Cambage,1611661319.0,Las Vegas,Aces,LVA,4,1629488,Brianna Turner,1611661317.0,Phoenix,Mercury,PHO,1,0,,,,,,1
1042100313,426,3,11,3,4:29 PM,0:28,Turner Free Throw 1 of 2 (20 PTS),,,52 - 69,17,4,1629488,Brianna Turner,1611661317.0,Phoenix,Mercury,PHO,0,0,,,,,,0,0,,,,,,0
1042100313,427,3,12,3,4:29 PM,0:28,Turner Free Throw 2 of 2 (21 PTS),,,52 - 70,18,4,1629488,Brianna Turner,1611661317.0,Phoenix,Mercury,PHO,0,0,,,,,,0,0,,,,,,0
1042100313,428,2,1,3,4:30 PM,0:12,,,MISS Plum 24' 3PT Jump Shot,,,5,1628276,Kelsey Plum,1611661319.0,Las Vegas,Aces,LVA,0,0,,,,,,0,0,,,,,,1
1042100313,429,4,0,3,4:30 PM,0:09,Turner REBOUND (Off:5 Def:7),,,,,4,1629488,Brianna Turner,1611661317.0,Phoenix,Mercury,PHO,0,0,,,,,,0,0,,,,,,1
1042100313,430,1,101,3,4:30 PM,0:00,Peddy 9' Driving Floating Jump Shot (6 PTS),,,52 - 72,20,4,203035,Shey Peddy,1611661317.0,Phoenix,Mercury,PHO,0,0,,,,,,0,0,,,,,,1
1042100313,431,2,1,3,4:30 PM,0:00,,,MISS Gray 46' 3PT Jump Shot,,,5,203833,Chelsea Gray,1611661319.0,Las Vegas,Aces,LVA,0,0,,,,,,0,0,,,,,,1
1042100313,432,4,0,3,4:30 PM,0:00,,,Aces Rebound,,,3,1611661319,,,,,,0,0,,,,,,0,0,,,,,,0
1042100313,433,13,0,3,4:30 PM,0:00,,End of 3rd Period (4:30 PM EST),,52 - 72,20,0,0,,,,,,0,0,,,,,,0,0,,,,,,1
1042100313,440,12,0,4,4:33 PM,10:00,,Start of 4th Period (4:33 PM EST),,52 - 72,20,0,0,,,,,,0,0,,,,,,0,0,,,,,,0
1042100313,441,2,1,4,4:34 PM,9:37,MISS Taurasi 24' 3PT Jump Shot,,,,,4,100940,Diana Taurasi,1611661317.0,Phoenix,Mercury,PHO,0,0,,,,,,0,0,,,,,,1
1042100313,442,4,0,4,4:34 PM,9:34,Turner REBOUND (Off:6 Def:7),,,,,4,1629488,Brianna Turner,1611661317.0,Phoenix,Mercury,PHO,0,0,,,,,,0,0,,,,,,1
1042100313,443,7,5,4,4:34 PM,9:29,,,Young Violation:Kicked Ball,,,5,1629498,Jackie Young,1611661319.0,Las Vegas,Aces,LVA,0,0,,,,,,1,0,,,,,,0
1042100313,444,2,75,4,4:34 PM,9:19,MISS Diggins-Smith 5' Driving Finger Roll Layup,,,,,4,203400,Skylar Diggins-Smith,1611661317.0,Phoenix,Mercury,PHO,0,0,,,,,,0,0,,,,,,1
1042100313,446,2,97,4,4:34 PM,9:14,MISS Turner 1' Tip Layup Shot,,,,,4,1629488,Brianna Turner,1611661317.0,Phoenix,Mercury,PHO,0,0,,,,,,0,0,,,,,,1
1042100313,445,4,0,4,4:34 PM,9:14,Turner REBOUND (Off:7 Def:7),,,,,4,1629488,Brianna Turner,1611661317.0,Phoenix,Mercury,PHO,0,0,,,,,,0,0,,,,,,1
1042100313,447,4,0,4,4:34 PM,9:13,,,Wilson REBOUND (Off:0 Def:2),,,5,1628932,A'ja Wilson,1611661319.0,Las Vegas,Aces,LVA,0,0,,,,,,0,0,,,,,,1
1042100313,448,2,1,4,4:34 PM,9:01,,,MISS Gray 17' Jump Shot,,,5,203833,Chelsea Gray,1611661319.0,Las Vegas,Aces,LVA,0,0,,,,,,0,0,,,,,,1
1042100313,449,4,0,4,4:34 PM,8:58,Griner REBOUND (Off:3 Def:7),,,,,4,203398,Brittney Griner,1611661317.0,Phoenix,Mercury,PHO,0,0,,,,,,0,0,,,,,,1
1042100313,450,6,2,4,4:34 PM,8:54,,,Wilson S.FOUL (P3.T1),,,5,1628932,A'ja Wilson,1611661319.0,Las Vegas,Aces,LVA,4,1629488,Brianna Turner,1611661317.0,Phoenix,Mercury,PHO,1,0,,,,,,1
1042100313,452,6,11,4,4:35 PM,8:54,,,Wilson T.FOUL (P3.T1),,,5,1628932,A'ja Wilson,1611661319.0,Las Vegas,Aces,LVA,0,0,,,,,,1,0,,,,,,0
1042100313,453,3,16,4,4:35 PM,8:54,Taurasi Free Throw Technical (9 PTS),,,52 - 73,21,4,100940,Diana Taurasi,1611661317.0,Phoenix,Mercury,PHO,0,0,,,,,,0,0,,,,,,0
1042100313,454,3,11,4,4:35 PM,8:54,Turner Free Throw 1 of 2 (22 PTS),,,52 - 74,22,4,1629488,Brianna Turner,1611661317.0,Phoenix,Mercury,PHO,0,0,,,,,,0,0,,,,,,0
1042100313,455,3,12,4,4:36 PM,8:54,Turner Free Throw 2 of 2 (23 PTS),,,52 - 75,23,4,1629488,Brianna Turner,1611661317.0,Phoenix,Mercury,PHO,0,0,,,,,,0,0,,,,,,0
1042100313,456,2,79,4,4:36 PM,8:41,,,MISS Wilson 8' Pullup Jump Shot,,,5,1628932,A'ja Wilson,1611661319.0,Las Vegas,Aces,LVA,0,0,,,,,,0,0,,,,,,1
1042100313,457,4,0,4,4:36 PM,8:40,Turner REBOUND (Off:7 Def:8),,,,,4,1629488,Brianna Turner,1611661317.0,Phoenix,Mercury,PHO,0,0,,,,,,0,0,,,,,,1
1042100313,459,5,40,4,4:36 PM,8:18,Turner Out of Bounds Lost Ball Turnover (P1.T11),,,,,4,1629488,Brianna Turner,1611661317.0,Phoenix,Mercury,PHO,0,0,,,,,,1,0,,,,,,1
1042100313,460,6,1,4,4:37 PM,8:11,Diggins-Smith P.FOUL (P4.T1),,,,,4,203400,Skylar Diggins-Smith,1611661317.0,Phoenix,Mercury,PHO,5,1628276,Kelsey Plum,1611661319.0,Las Vegas,Aces,LVA,1,0,,,,,,1
1042100313,462,2,1,4,4:37 PM,8:04,,,MISS Wilson 12' Jump Shot,,,5,1628932,A'ja Wilson,1611661319.0,Las Vegas,Aces,LVA,0,0,,,,,,0,0,,,,,,1
1042100313,463,4,0,4,4:37 PM,8:02,Diggins-Smith REBOUND (Off:0 Def:5),,,,,4,203400,Skylar Diggins-Smith,1611661317.0,Phoenix,Mercury,PHO,0,0,,,,,,0,0,,,,,,1
1042100313,464,6,1,4,4:37 PM,7:54,,,Young P.FOUL (P2.T2),,,5,1629498,Jackie Young,1611661319.0,Las Vegas,Aces,LVA,4,100940,Diana Taurasi,1611661317.0,Phoenix,Mercury,PHO,1,0,,,,,,1
1042100313,466,2,6,4,4:38 PM,7:43,MISS Turner 6' Driving Layup,,Wilson BLOCK (1 BLK),,,4,1629488,Brianna Turner,1611661317.0,Phoenix,Mercury,PHO,0,0,,,,,,5,1628932,A'ja Wilson,1611661319.0,Las Vegas,Aces,LVA,1
1042100313,468,4,0,4,4:38 PM,7:43,MERCURY Rebound,,,,,2,1611661317,,,,,,0,0,,,,,,0,0,,,,,,0
1042100313,470,1,1,4,4:38 PM,7:41,Peddy 25' 3PT Jump Shot (9 PTS) (Taurasi 6 AST),,,52 - 78,26,4,203035,Shey Peddy,1611661317.0,Phoenix,Mercury,PHO,4,100940,Diana Taurasi,1611661317.0,Phoenix,Mercury,PHO,0,0,,,,,,1
1042100313,472,6,2,4,4:38 PM,7:41,,,Young S.FOUL (P3.T3),,,5,1629498,Jackie Young,1611661319.0,Las Vegas,Aces,LVA,4,203035,Shey Peddy,1611661317.0,Phoenix,Mercury,PHO,1,0,,,,,,1
1042100313,474,3,10,4,4:39 PM,7:41,Peddy Free Throw 1 of 1 (10 PTS),,,52 - 79,27,4,203035,Shey Peddy,1611661317.0,Phoenix,Mercury,PHO,0,0,,,,,,0,0,,,,,,0
1042100313,475,5,2,4,4:39 PM,7:31,Peddy STEAL (2 STL),,Plum Lost Ball Turnover (P4.T8),,,5,1628276,Kelsey Plum,1611661319.0,Las Vegas,Aces,LVA,4,203035,Shey Peddy,1611661317.0,Phoenix,Mercury,PHO,0,0,,,,,,1
1042100313,478,2,1,4,4:39 PM,7:12,MISS Griner 14' Jump Shot,,,,,4,203398,Brittney Griner,1611661317.0,Phoenix,Mercury,PHO,0,0,,,,,,0,0,,,,,,1
1042100313,479,4,0,4,4:39 PM,7:08,,,Wilson REBOUND (Off:0 Def:3),,,5,1628932,A'ja Wilson,1611661319.0,Las Vegas,Aces,LVA,0,0,,,,,,0,0,,,,,,1
1042100313,480,6,28,4,4:39 PM,7:07,Taurasi Personal Take Foul (P2.T2),,,,,4,100940,Diana Taurasi,1611661317.0,Phoenix,Mercury,PHO,5,203833,Chelsea Gray,1611661319.0,Las Vegas,Aces,LVA,1,0,,,,,,1
1042100313,482,8,0,4,4:40 PM,7:07,,,SUB: Cambage FOR Young,,,5,1629498,Jackie Young,1611661319.0,Las Vegas,Aces,LVA,5,202633,Liz Cambage,1611661319.0,Las Vegas,Aces,LVA,0,0,,,,,,0
1042100313,484,1,79,4,4:40 PM,7:02,,,Plum 18' Pullup Jump Shot (6 PTS),54 - 79,25,5,1628276,Kelsey Plum,1611661319.0,Las Vegas,Aces,LVA,0,0,,,,,,0,0,,,,,,1
1042100313,486,9,1,4,4:41 PM,6:36,MERCURY Timeout: Regular (Full 2 Short 0),,,,,2,1611661317,,,,,,0,0,,,,,,0,0,,,,,,0
1042100313,500,8,0,4,4:43 PM,6:36,SUB: Nurse FOR Taurasi,,,,,4,100940,Diana Taurasi,1611661317.0,Phoenix,Mercury,PHO,4,1628915,Kia Nurse,1611661317.0,Phoenix,Mercury,PHO,0,0,,,,,,0
1042100313,487,2,1,4,4:44 PM,6:34,MISS Diggins-Smith 25' 3PT Jump Shot,,,,,4,203400,Skylar Diggins-Smith,1611661317.0,Phoenix,Mercury,PHO,0,0,,,,,,0,0,,,,,,1
1042100313,488,4,0,4,4:44 PM,6:34,MERCURY Rebound,,,,,2,1611661317,,,,,,0,0,,,,,,0,0,,,,,,0
1042100313,489,5,11,4,4:44 PM,6:34,MERCURY Turnover: Shot Clock (T#12),,,,,2,1611661317,,,,,,0,0,,,,,,1,0,,,,,,0
1042100313,491,6,1,4,4:45 PM,6:26,Nurse P.FOUL (P2.T3),,,,,4,1628915,Kia Nurse,1611661317.0,Phoenix,Mercury,PHO,5,204324,Dearica Hamby,1611661319.0,Las Vegas,Aces,LVA,1,0,,,,,,1
1042100313,493,2,98,4,4:45 PM,6:18,Turner BLOCK (1 BLK),,MISS Hamby 5' Cutting Layup Shot,,,5,204324,Dearica Hamby,1611661319.0,Las Vegas,Aces,LVA,0,0,,,,,,4,1629488,Brianna Turner,1611661317.0,Phoenix,Mercury,PHO,1
1042100313,495,4,0,4,4:45 PM,6:14,Turner REBOUND (Off:7 Def:9),,,,,4,1629488,Brianna Turner,1611661317.0,Phoenix,Mercury,PHO,0,0,,,,,,0,0,,,,,,1
1042100313,498,1,1,4,4:46 PM,5:55,Griner 15' Jump Shot (18 PTS) (Nurse 1 AST),,,54 - 81,27,4,203398,Brittney Griner,1611661317.0,Phoenix,Mercury,PHO,4,1628915,Kia Nurse,1611661317.0,Phoenix,Mercury,PHO,0,0,,,,,,1
1042100313,501,2,101,4,4:46 PM,5:42,Turner BLOCK (2 BLK),,MISS Plum 12' Driving Floating Jump Shot,,,5,1628276,Kelsey Plum,1611661319.0,Las Vegas,Aces,LVA,0,0,,,,,,4,1629488,Brianna Turner,1611661317.0,Phoenix,Mercury,PHO,1
1042100313,503,4,0,4,4:46 PM,5:40,Griner REBOUND (Off:3 Def:8),,,,,4,203398,Brittney Griner,1611661317.0,Phoenix,Mercury,PHO,0,0,,,,,,0,0,,,,,,1
1042100313,504,2,98,4,4:46 PM,5:30,MISS Griner 2' Cutting Layup Shot,,,,,4,203398,Brittney Griner,1611661317.0,Phoenix,Mercury,PHO,0,0,,,,,,0,0,,,,,,1
1042100313,505,4,0,4,4:46 PM,5:28,,,Hamby REBOUND (Off:1 Def:4),,,5,204324,Dearica Hamby,1611661319.0,Las Vegas,Aces,LVA,0,0,,,,,,0,0,,,,,,1
1042100313,506,6,1,4,4:46 PM,5:25,Turner P.FOUL (P2.T4),,,,,4,1629488,Brianna Turner,1611661317.0,Phoenix,Mercury,PHO,5,202633,Liz Cambage,1611661319.0,Las Vegas,Aces,LVA,1,0,,,,,,1
1042100313,508,8,0,4,4:46 PM,5:25,SUB: Vaughn FOR Griner,,,,,4,203398,Brittney Griner,1611661317.0,Phoenix,Mercury,PHO,4,201913,Kia Vaughn,1611661317.0,Phoenix,Mercury,PHO,0,0,,,,,,0
1042100313,510,1,98,4,4:47 PM,5:18,,,Cambage 3' Cutting Layup Shot (13 PTS) (Plum 2 AST),56 - 81,25,5,202633,Liz Cambage,1611661319.0,Las Vegas,Aces,LVA,5,1628276,Kelsey Plum,1611661319.0,Las Vegas,Aces,LVA,0,0,,,,,,1
1042100313,512,2,1,4,4:47 PM,4:57,MISS Vaughn 20' Jump Shot,,,,,4,201913,Kia Vaughn,1611661317.0,Phoenix,Mercury,PHO,0,0,,,,,,0,0,,,,,,1
1042100313,513,4,0,4,4:47 PM,4:54,,,Wilson REBOUND (Off:0 Def:4),,,5,1628932,A'ja Wilson,1611661319.0,Las Vegas,Aces,LVA,0,0,,,,,,0,0,,,,,,1
1042100313,514,2,79,4,4:47 PM,4:47,,,MISS Gray 26' 3PT Pullup Jump Shot,,,5,203833,Chelsea Gray,1611661319.0,Las Vegas,Aces,LVA,0,0,,,,,,0,0,,,,,,1
1042100313,515,4,0,4,4:47 PM,4:45,Turner REBOUND (Off:7 Def:10),,,,,4,1629488,Brianna Turner,1611661317.0,Phoenix,Mercury,PHO,0,0,,,,,,0,0,,,,,,1
1042100313,516,2,66,4,4:47 PM,4:36,MISS Diggins-Smith 26' 3PT Jump Bank Shot,,,,,4,203400,Skylar Diggins-Smith,1611661317.0,Phoenix,Mercury,PHO,0,0,,,,,,0,0,,,,,,1
1042100313,517,4,0,4,4:48 PM,4:32,,,Wilson REBOUND (Off:0 Def:5),,,5,1628932,A'ja Wilson,1611661319.0,Las Vegas,Aces,LVA,0,0,,,,,,0,0,,,,,,1
1042100313,519,8,0,4,4:48 PM,4:20,,,SUB: Stokes FOR Cambage,,,5,202633,Liz Cambage,1611661319.0,Las Vegas,Aces,LVA,5,204329,Kiah Stokes,1611661319.0,Las Vegas,Aces,LVA,0,0,,,,,,0
1042100313,521,6,2,4,4:48 PM,4:16,Vaughn S.FOUL (P1.PN),,,,,4,201913,Kia Vaughn,1611661317.0,Phoenix,Mercury,PHO,5,204324,Dearica Hamby,1611661319.0,Las Vegas,Aces,LVA,1,0,,,,,,1
1042100313,523,3,11,4,4:49 PM,4:16,,,Hamby Free Throw 1 of 2 (9 PTS),57 - 81,24,5,204324,Dearica Hamby,1611661319.0,Las Vegas,Aces,LVA,0,0,,,,,,0,0,,,,,,0
1042100313,524,3,12,4,4:49 PM,4:16,,,Hamby Free Throw 2 of 2 (10 PTS),58 - 81,23,5,204324,Dearica Hamby,1611661319.0,Las Vegas,Aces,LVA,0,0,,,,,,0,0,,,,,,0
1042100313,525,1,1,4,4:49 PM,3:56,Vaughn 18' Jump Shot (4 PTS) (Diggins-Smith 9 AST),,,58 - 83,25,4,201913,Kia Vaughn,1611661317.0,Phoenix,Mercury,PHO,4,203400,Skylar Diggins-Smith,1611661317.0,Phoenix,Mercury,PHO,0,0,,,,,,1
1042100313,527,2,79,4,4:50 PM,3:43,,,MISS Wilson 16' Pullup Jump Shot,,,5,1628932,A'ja Wilson,1611661319.0,Las Vegas,Aces,LVA,0,0,,,,,,0,0,,,,,,1
1042100313,528,4,0,4,4:50 PM,3:40,Nurse REBOUND (Off:1 Def:4),,,,,4,1628915,Kia Nurse,1611661317.0,Phoenix,Mercury,PHO,0,0,,,,,,0,0,,,,,,1
1042100313,529,2,1,4,4:50 PM,3:23,MISS Vaughn 21' Jump Shot,,,,,4,201913,Kia Vaughn,1611661317.0,Phoenix,Mercury,PHO,0,0,,,,,,0,0,,,,,,1
1042100313,530,4,0,4,4:50 PM,3:21,,,Wilson REBOUND (Off:0 Def:6),,,5,1628932,A'ja Wilson,1611661319.0,Las Vegas,Aces,LVA,0,0,,,,,,0,0,,,,,,1
1042100313,531,2,41,4,4:50 PM,3:15,,,MISS Plum 3' Running Layup,,,5,1628276,Kelsey Plum,1611661319.0,Las Vegas,Aces,LVA,0,0,,,,,,0,0,,,,,,1
1042100313,532,4,0,4,4:50 PM,3:10,,,Hamby REBOUND (Off:2 Def:4),,,5,204324,Dearica Hamby,1611661319.0,Las Vegas,Aces,LVA,0,0,,,,,,0,0,,,,,,1
1042100313,533,2,1,4,4:50 PM,3:02,,,MISS Wilson 16' Jump Shot,,,5,1628932,A'ja Wilson,1611661319.0,Las Vegas,Aces,LVA,0,0,,,,,,0,0,,,,,,1
1042100313,534,4,0,4,4:50 PM,2:59,Nurse REBOUND (Off:1 Def:5),,,,,4,1628915,Kia Nurse,1611661317.0,Phoenix,Mercury,PHO,0,0,,,,,,0,0,,,,,,1
1042100313,535,9,1,4,4:51 PM,2:54,MERCURY Timeout: Regular (Full 3 Short 0),,,,,2,1611661317,,,,,,0,0,,,,,,0,0,,,,,,0
1042100313,536,8,0,4,4:52 PM,2:54,SUB: Walker FOR Nurse,,,,,4,1628915,Kia Nurse,1611661317.0,Phoenix,Mercury,PHO,4,1630136,Megan Walker,1611661317.0,Phoenix,Mercury,PHO,0,0,,,,,,0
1042100313,537,8,0,4,4:52 PM,2:54,SUB: Smith FOR Diggins-Smith,,,,,4,203400,Skylar Diggins-Smith,1611661317.0,Phoenix,Mercury,PHO,4,1629501,Alanna Smith,1611661317.0,Phoenix,Mercury,PHO,0,0,,,,,,0
1042100313,538,8,0,4,4:52 PM,2:54,SUB: Hartley FOR Turner,,,,,4,1629488,Brianna Turner,1611661317.0,Phoenix,Mercury,PHO,4,203829,Bria Hartley,1611661317.0,Phoenix,Mercury,PHO,0,0,,,,,,0
1042100313,539,8,0,4,4:52 PM,2:54,,,SUB: Park FOR Gray,,,5,203833,Chelsea Gray,1611661319.0,Las Vegas,Aces,LVA,5,1628917,JiSu Park,1611661319.0,Las Vegas,Aces,LVA,0,0,,,,,,0
1042100313,540,8,0,4,4:52 PM,2:54,,,SUB: Slocum FOR Wilson,,,5,1628932,A'ja Wilson,1611661319.0,Las Vegas,Aces,LVA,5,1630435,Destiny Slocum,1611661319.0,Las Vegas,Aces,LVA,0,0,,,,,,0
1042100313,546,1,1,4,4:54 PM,2:46,Smith 21' Jump Shot (2 PTS) (Hartley 1 AST),,,58 - 85,27,4,1629501,Alanna Smith,1611661317.0,Phoenix,Mercury,PHO,4,203829,Bria Hartley,1611661317.0,Phoenix,Mercury,PHO,0,0,,,,,,1
1042100313,548,1,80,4,4:54 PM,2:33,,,Slocum 15' Step Back Jump Shot (2 PTS),60 - 85,25,5,1630435,Destiny Slocum,1611661319.0,Las Vegas,Aces,LVA,0,0,,,,,,0,0,,,,,,1
1042100313,549,2,1,4,4:54 PM,2:20,MISS Smith 3PT Jump Shot,,,,,4,1629501,Alanna Smith,1611661317.0,Phoenix,Mercury,PHO,0,0,,,,,,0,0,,,,,,1
1042100313,550,4,0,4,4:54 PM,2:18,,,Hamby REBOUND (Off:2 Def:5),,,5,204324,Dearica Hamby,1611661319.0,Las Vegas,Aces,LVA,0,0,,,,,,0,0,,,,,,1
1042100313,551,2,1,4,4:54 PM,2:11,,,MISS Plum 25' 3PT Jump Shot,,,5,1628276,Kelsey Plum,1611661319.0,Las Vegas,Aces,LVA,0,0,,,,,,0,0,,,,,,1
1042100313,552,4,0,4,4:54 PM,2:08,Vaughn REBOUND (Off:0 Def:3),,,,,4,201913,Kia Vaughn,1611661317.0,Phoenix,Mercury,PHO,0,0,,,,,,0,0,,,,,,1
1042100313,553,2,1,4,4:54 PM,1:57,MISS Walker 24' 3PT Jump Shot,,,,,4,1630136,Megan Walker,1611661317.0,Phoenix,Mercury,PHO,0,0,,,,,,0,0,,,,,,1
1042100313,554,4,0,4,4:54 PM,1:54,Peddy REBOUND (Off:2 Def:6),,,,,4,203035,Shey Peddy,1611661317.0,Phoenix,Mercury,PHO,0,0,,,,,,0,0,,,,,,1
1042100313,555,10,0,4,4:55 PM,1:40,Jump Ball Hartley vs. Plum: Tip to Plum,,,,,4,203829,Bria Hartley,1611661317.0,Phoenix,Mercury,PHO,5,1628276,Kelsey Plum,1611661319.0,Las Vegas,Aces,LVA,5,1628276,Kelsey Plum,1611661319.0,Las Vegas,Aces,LVA,1
1042100313,558,5,2,4,4:55 PM,1:40,Hartley Lost Ball Turnover (P1.T13),,Plum STEAL (2 STL),,,4,203829,Bria Hartley,1611661317.0,Phoenix,Mercury,PHO,5,1628276,Kelsey Plum,1611661319.0,Las Vegas,Aces,LVA,0,0,,,,,,1
1042100313,560,2,6,4,4:55 PM,1:37,,,MISS Plum 3' Driving Layup,,,5,1628276,Kelsey Plum,1611661319.0,Las Vegas,Aces,LVA,0,0,,,,,,0,0,,,,,,1
1042100313,561,4,0,4,4:55 PM,1:35,Hartley REBOUND (Off:0 Def:1),,,,,4,203829,Bria Hartley,1611661317.0,Phoenix,Mercury,PHO,0,0,,,,,,0,0,,,,,,1
1042100313,562,1,101,4,4:56 PM,1:11,Walker 2' Driving Floating Jump Shot (2 PTS) (Peddy 1 AST),,,60 - 87,27,4,1630136,Megan Walker,1611661317.0,Phoenix,Mercury,PHO,4,203035,Shey Peddy,1611661317.0,Phoenix,Mercury,PHO,0,0,,,,,,1
1042100313,564,6,1,4,4:56 PM,0:54,Vaughn P.FOUL (P2.PN),,,,,4,201913,Kia Vaughn,1611661317.0,Phoenix,Mercury,PHO,5,1628917,JiSu Park,1611661319.0,Las Vegas,Aces,LVA,1,0,,,,,,1
1042100313,566,3,11,4,4:57 PM,0:54,,,MISS Park Free Throw 1 of 2,,,5,1628917,JiSu Park,1611661319.0,Las Vegas,Aces,LVA,0,0,,,,,,0,0,,,,,,0
1042100313,567,4,1,4,4:57 PM,0:54,,,Aces Rebound,,,3,1611661319,,,,,,0,0,,,,,,0,0,,,,,,0
1042100313,568,3,12,4,4:57 PM,0:54,,,MISS Park Free Throw 2 of 2,,,5,1628917,JiSu Park,1611661319.0,Las Vegas,Aces,LVA,0,0,,,,,,0,0,,,,,,0
1042100313,569,4,0,4,4:57 PM,0:50,,,Stokes REBOUND (Off:1 Def:0),,,5,204329,Kiah Stokes,1611661319.0,Las Vegas,Aces,LVA,0,0,,,,,,0,0,,,,,,1
1042100313,570,2,47,4,4:57 PM,0:48,,,MISS Park 7' Turnaround Jump Shot,,,5,1628917,JiSu Park,1611661319.0,Las Vegas,Aces,LVA,0,0,,,,,,0,0,,,,,,1
1042100313,571,4,0,4,4:57 PM,0:45,Walker REBOUND (Off:0 Def:1),,,,,4,1630136,Megan Walker,1611661317.0,Phoenix,Mercury,PHO,0,0,,,,,,0,0,,,,,,1
1042100313,572,2,6,4,4:57 PM,0:27,MISS Smith 5' Driving Layup,,Stokes BLOCK (1 BLK),,,4,1629501,Alanna Smith,1611661317.0,Phoenix,Mercury,PHO,0,0,,,,,,5,204329,Kiah Stokes,1611661319.0,Las Vegas,Aces,LVA,1
1042100313,574,4,0,4,4:57 PM,0:25,,,Stokes REBOUND (Off:1 Def:1),,,5,204329,Kiah Stokes,1611661319.0,Las Vegas,Aces,LVA,0,0,,,,,,0,0,,,,,,1
1042100313,575,2,6,4,4:57 PM,0:17,,,MISS Hamby 3' Driving Layup,,,5,204324,Dearica Hamby,1611661319.0,Las Vegas,Aces,LVA,0,0,,,,,,0,0,,,,,,1
1042100313,576,4,0,4,4:57 PM,0:15,Walker REBOUND (Off:0 Def:2),,,,,4,1630136,Megan Walker,1611661317.0,Phoenix,Mercury,PHO,0,0,,,,,,0,0,,,,,,1
1042100313,577,13,0,4,4:58 PM,0:00,,End of 4th Period (4:58 PM EST),,60 - 87,27,0,0,,,,,,0,0,,,,,,0,0,,,,,,1
