EntityId,TeamId,Name,ShortName,RowId,TeamAbbreviation,SecondsPlayed,GamesPlayed,Minutes,PlusMinus,OffPoss,DefPoss,PenaltyDefPoss,SecondChanceOffPoss,TotalPoss,AtRimFGA,ShortMidRangeFGM,ShortMidRangeFGA,FG2M,FG2A,Points,SecondChanceFG2M,SecondChanceFG2A,SecondChancePoints,PtsUnassisted2s,PtsPutbacks,OffTwoPtRebounds,OffRebounds,Rebounds,SelfOReb,Fg2Pct,SecondChanceFg2Pct,EfgPct,SecondChanceEfgPct,TsPct,SecondChanceTsPct,OffTwoPtReboundPct,OffFGReboundPct,OffAtRimReboundPct,SelfORebPct,Pace,SecondsPerPossOff,SecondsPerPossDef,SecondsExcludingORebsPerPossOff,SecondsExcludingORebsPerPossDef,AtRimFrequency,ShortMidRangeFrequency,ShortMidRangeAccuracy,UnblockedShortMidRangeAccuracy,AtRimFG3AFrequency,ShotQualityAvg,SecondChanceShotQualityAvg,SecondChancePointsPct,Avg2ptShotDistance,PenaltyOffPoss,AtRimFGM,SecondChanceAtRimFGM,SecondChanceAtRimFGA,PenaltyAtRimFGM,PenaltyAtRimFGA,LongMidRangeFGM,LongMidRangeFGA,Corner3FGA,Arc3FGM,Arc3FGA,SecondChanceArc3FGA,PenaltyArc3FGM,PenaltyArc3FGA,FG3M,FG3A,FtPoints,OpponentPoints,SecondChanceFG3A,SecondChanceFtPoints,PenaltyFG2M,PenaltyFG2A,PenaltyFG3M,PenaltyFG3A,PenaltyFtPoints,PenaltyPoints,PtsAssisted2s,PtsAssisted3s,PtsUnassisted3s,NonHeaveArc3FGA,NonHeaveArc3FGM,Fg2aBlocked,Fg3aBlocked,TwoPtAssists,ThreePtAssists,Assists,Arc3Assists,AtRimAssists,ShortMidRangeAssists,LongMidRangeAssists,AssistPoints,OffThreePtRebounds,DefThreePtRebounds,DefTwoPtRebounds,FTDefRebounds,DefRebounds,Steals,BadPassSteals,LostBallSteals,LiveBallTurnovers,BadPassOutOfBoundsTurnovers,BadPassTurnovers,DeadBallTurnovers,LostBallOutOfBoundsTurnovers,LostBallTurnovers,Turnovers,SecondChanceTurnovers,ShootingFouls,Fouls,Charge Fouls,Loose Ball Fouls,FoulsDrawn,Loose Ball Fouls Drawn,Offensive Fouls Drawn,BlockingFoulsDrawn,FTA,2pt And 1 Free Throw Trips,TwoPtShootingFoulsDrawn,NonShootingFoulsDrawn,Blocked2s,Blocked3s,BlockedArc3,BlockedAtRim,Blocks,RecoveredBlocks,FirstChancePoints,PenaltyPointsExcludingTakeFouls,PenaltyOffPossExcludingTakeFouls,NonShootingPenaltyNonTakeFouls,NonShootingPenaltyNonTakeFoulsDrawn,Assisted2sPct,NonPutbacksAssisted2sPct,Assisted3sPct,Fg3Pct,PenaltyFg3Pct,NonHeaveFg3Pct,PenaltyFg2Pct,PenaltyEfgPct,PenaltyTsPct,FG3APct,FG3APctBlocked,FG2APctBlocked,AtRimPctBlocked,ShortMidRangePctBlocked,LongMidRangePctBlocked,Arc3PctBlocked,LiveBallTurnoverPct,DefFTReboundPct,DefTwoPtReboundPct,DefThreePtReboundPct,OffThreePtReboundPct,DefFGReboundPct,OffShortMidRangeReboundPct,OffLongMidRangeReboundPct,OffArc3ReboundPct,OffCorner3ReboundPct,DefAtRimReboundPct,DefShortMidRangeReboundPct,DefLongMidRangeReboundPct,DefArc3ReboundPct,BlocksRecoveredPct,AtRimAccuracy,UnblockedAtRimAccuracy,AtRimPctAssisted,ShortMidRangePctAssisted,LongMidRangeFrequency,LongMidRangeAccuracy,UnblockedLongMidRangeAccuracy,LongMidRangePctAssisted,Corner3Frequency,Arc3Frequency,Arc3Accuracy,UnblockedArc3Accuracy,Arc3PctAssisted,SecondChanceAtRimFrequency,SecondChanceAtRimAccuracy,SecondChanceAtRimPctAssisted,SecondChanceArc3Frequency,PenaltyAtRimFrequency,PenaltyAtRimAccuracy,PenaltyArc3Frequency,PenaltyArc3Accuracy,NonHeaveArc3Accuracy,PenaltyShotQualityAvg,ShootingFoulsDrawnPct,TwoPtShootingFoulsDrawnPct,PenaltyPointsPct,Avg3ptShotDistance,PenaltyOffPossPct,PenaltyTurnovers,DefCorner3ReboundPct,Offensive Fouls,Charge Fouls Drawn,StepOutOfBoundsTurnovers,BlockedShortMidRange,Travels,SecondChanceArc3FGM,SecondChanceFG3M,SecondChanceFg3Pct,SecondChanceArc3Accuracy,SecondChanceArc3PctAssisted,team_id,year,season,team_vs
100812-101023-101049-201046-203026,1611661330,"Erika de Souza, Sancho Lyttle, Cathrine Kraayeveld, Lindsey Harding, Tiffany Hayes","de Souza, Lyttle, Kraayeveld, Harding, Hayes",100812-101023-101049-201046-203026,ATL,33.0,1,1.0,2.0,1,1.0,1.0,1.0,2,1.0,1.0,1.0,1.0,2.0,2.0,1.0,1.0,2.0,2.0,2.0,1.0,1.0,1.0,1.0,0.5,1.0,0.5,1.0,0.5,1.0,1.0,1.0,1.0,1.0,87.27272727272727,9.0,24.0,8.0,24.0,0.5,0.5,1.0,1.0,0.5,0.6113,0.4432,1.0,7.5,,,,,,,,,,,,,,,,,,,,,,,,,,,,,,,,,,,,,,,,,,,,,,,,,,,,,,,,,,,,,,,,,,,,,,,,,,,,,,,,,,,,,,,,,,,,,,,,,,,,,,,,,,,,,,,,,,,,,,,,,,,,,,,,,,,,,,,,,,,,,,,,,,,,,,,,1611661330,2012,2012,False
100812-101023-201046-201048-201881,1611661330,"Erika de Souza, Sancho Lyttle, Lindsey Harding, Armintie Herrington, Angel McCoughtry","de Souza, Lyttle, Harding, Herrington, McCoughtry",100812-101023-201046-201048-201881,ATL,2949.0,3,49.0,-13.0,91,93.0,3.0,19.0,184,37.0,6.0,22.0,35.0,83.0,88.0,7.0,17.0,18.0,38.0,4.0,20.0,23.0,50.0,5.0,0.42168674698795183,0.4117647058823529,0.40425531914893614,0.3684210526315789,0.43564356435643564,0.42857142857142855,0.425531914893617,0.4107142857142857,0.3684210526315789,0.10869565217391304,89.84740590030519,16.78021978021978,15.290322580645162,15.043956043956044,14.580645161290322,0.39361702127659576,0.23404255319148937,0.2727272727272727,0.3157894736842105,0.5106382978723404,0.47985904255319145,0.5075676470588235,0.20454545454545456,8.293975903614458,5.0,18.0,6.0,11.0,1.0,2.0,11.0,24.0,1.0,2.0,10.0,2.0,1.0,2.0,2.0,11.0,12.0,101.0,2.0,4.0,1.0,2.0,1.0,2.0,3.0,8.0,32.0,3.0,3.0,10.0,2.0,9.0,1.0,16.0,1.0,17.0,1.0,6.0,1.0,9.0,35.0,3.0,9.0,16.0,2.0,27.0,14.0,11.0,3.0,9.0,2.0,5.0,6.0,1.0,4.0,15.0,1.0,13.0,24.0,1.0,2.0,22.0,1.0,2.0,1.0,15.0,1.0,5.0,3.0,4.0,1.0,1.0,4.0,5.0,3.0,70.0,8.0,5.0,1.0,3.0,0.45714285714285713,0.48484848484848486,0.5,0.18181818181818182,0.5,0.18181818181818182,0.5,0.625,0.6666666666666666,0.11702127659574468,0.09090909090909091,0.10843373493975904,0.13513513513513514,0.13636363636363635,0.041666666666666664,0.1,0.6,0.6666666666666666,0.5714285714285714,0.75,0.3333333333333333,0.625,0.4375,0.5,0.25,1.0,0.5384615384615384,0.4444444444444444,0.8333333333333334,0.75,0.6,0.4864864864864865,0.5625,0.3333333333333333,0.16666666666666666,0.2553191489361702,0.4583333333333333,0.4782608695652174,0.8181818181818182,0.010638297872340425,0.10638297872340426,0.2,0.2222222222222222,0.5,0.5789473684210527,0.5454545454545454,0.16666666666666666,0.10526315789473684,0.5,0.5,0.5,0.5,0.2,0.5180375,0.05102040816326531,0.05747126436781609,0.09090909090909091,22.11818181818182,0.054945054945054944,,,,,,,,,,,,,1611661330,2012,2012,False
100812-101023-201046-201048-203026,1611661330,"Erika de Souza, Sancho Lyttle, Lindsey Harding, Armintie Herrington, Tiffany Hayes","de Souza, Lyttle, Harding, Herrington, Hayes",100812-101023-201046-201048-203026,ATL,492.0,2,8.0,1.0,16,15.0,4.0,5.0,31,5.0,2.0,7.0,5.0,17.0,13.0,,4.0,,4.0,,5.0,5.0,9.0,1.0,0.29411764705882354,,0.29411764705882354,,0.34210526315789475,,0.4166666666666667,0.4166666666666667,0.5,0.1,90.73170731707317,16.5625,15.133333333333333,13.1875,14.666666666666666,0.29411764705882354,0.4117647058823529,0.2857142857142857,0.2857142857142857,0.29411764705882354,0.44738823529411764,0.397625,,8.764705882352942,5.0,1.0,,,1.0,2.0,2.0,5.0,,,,,,,,,3.0,12.0,,,2.0,5.0,,,,4.0,6.0,,,,,2.0,,3.0,,3.0,,1.0,1.0,1.0,6.0,,1.0,3.0,,4.0,3.0,3.0,,2.0,,,,,2.0,2.0,1.0,2.0,3.0,,,4.0,1.0,,,4.0,,2.0,,1.0,,,1.0,1.0,1.0,13.0,4.0,5.0,,,0.6,0.6,,,,,0.4,0.4,0.4,,,0.11764705882352941,0.4,,,,1.0,,0.75,0.5,,0.6666666666666666,0.2,0.6666666666666666,,,1.0,,,0.5,1.0,0.2,0.3333333333333333,1.0,0.5,0.29411764705882354,0.4,0.4,0.5,,,,,,,,,,0.4,0.5,,,,0.45986000000000005,0.10526315789473684,0.10526315789473684,0.3076923076923077,,0.3125,1.0,,,,,,,,,,,,1611661330,2012,2012,False
100812-101023-201046-201881-203026,1611661330,"Erika de Souza, Sancho Lyttle, Lindsey Harding, Angel McCoughtry, Tiffany Hayes","de Souza, Lyttle, Harding, McCoughtry, Hayes",100812-101023-201046-201881-203026,ATL,1079.0,3,18.0,4.0,37,36.0,18.0,5.0,73,10.0,5.0,11.0,10.0,25.0,34.0,1.0,5.0,3.0,16.0,,4.0,6.0,18.0,2.0,0.4,0.2,0.3939393939393939,0.2,0.4594594594594595,0.25,0.26666666666666666,0.2857142857142857,0.2857142857142857,0.10526315789473684,97.42354031510658,13.432432432432432,16.166666666666668,11.972972972972974,14.694444444444445,0.30303030303030304,0.3333333333333333,0.45454545454545453,0.45454545454545453,0.5454545454545454,0.49654090909090914,0.4519333333333333,0.08823529411764706,7.86,13.0,3.0,,2.0,2.0,3.0,2.0,4.0,,2.0,8.0,,1.0,4.0,2.0,8.0,8.0,30.0,,1.0,4.0,7.0,1.0,4.0,4.0,15.0,4.0,3.0,3.0,8.0,2.0,2.0,,2.0,1.0,3.0,1.0,1.0,,1.0,7.0,2.0,4.0,6.0,2.0,12.0,8.0,7.0,1.0,3.0,1.0,2.0,2.0,,1.0,5.0,,6.0,12.0,1.0,1.0,9.0,1.0,,,9.0,1.0,3.0,2.0,,,,,,,31.0,15.0,13.0,3.0,2.0,0.2,0.2,0.5,0.25,0.25,0.25,0.5714285714285714,0.5,0.5769230769230769,0.24242424242424243,,0.08,0.2,,,,0.6,0.5,0.6666666666666666,0.5714285714285714,0.3333333333333333,0.625,0.16666666666666666,0.5,0.3333333333333333,,0.6,0.5,1.0,0.5,,0.3,0.375,0.3333333333333333,,0.12121212121212122,0.5,0.5,0.5,,0.24242424242424243,0.25,0.25,0.5,0.4,,,,0.2727272727272727,0.6666666666666666,0.36363636363636365,0.25,0.25,0.5345727272727273,0.08571428571428572,0.1111111111111111,0.4411764705882353,22.375,0.35135135135135137,2.0,0.6666666666666666,,,,,,,,,,,1611661330,2012,2012,False
100812-101023-201484-201881-203026,1611661330,"Erika de Souza, Sancho Lyttle, Ketia Swanier, Angel McCoughtry, Tiffany Hayes","de Souza, Lyttle, Swanier, McCoughtry, Hayes",100812-101023-201484-201881-203026,ATL,145.0,1,2.0,-3.0,3,4.0,1.0,1.0,7,1.0,,,2.0,3.0,4.0,1.0,1.0,2.0,,,,,,,0.6666666666666666,1.0,0.6666666666666666,1.0,0.6666666666666666,1.0,,,,,69.51724137931035,18.666666666666668,22.25,15.666666666666666,22.25,0.3333333333333333,,,,0.3333333333333333,0.3869,0.288,0.5,11.700000000000001,1.0,1.0,,,,,1.0,2.0,,,,,,,,,,7.0,,,1.0,1.0,,,,2.0,4.0,,,,,,,2.0,,2.0,,1.0,,1.0,4.0,,,,,,,,,,,,,,,,,,1.0,,,,,,,,,,,,,,,,,2.0,2.0,1.0,,,1.0,1.0,,,,,1.0,1.0,1.0,,,,,,,,,,,,,,,,,,,,,,,1.0,1.0,1.0,,0.6666666666666666,0.5,0.5,1.0,,,,,,,,,,,,,,,0.288,,,0.5,,0.3333333333333333,,,,,,,,,,,,,1611661330,2012,2012,False
100812-101049-201046-201048-201881,1611661330,"Erika de Souza, Cathrine Kraayeveld, Lindsey Harding, Armintie Herrington, Angel McCoughtry","de Souza, Kraayeveld, Harding, Herrington, McCoughtry",100812-101049-201046-201048-201881,ATL,366.0,1,6.0,-8.0,13,12.0,,2.0,25,5.0,1.0,2.0,4.0,10.0,11.0,1.0,1.0,3.0,2.0,,2.0,2.0,4.0,,0.4,1.0,0.3333333333333333,1.0,0.4230769230769231,1.5,0.3333333333333333,0.25,0.5,,98.36065573770492,15.461538461538462,13.75,14.76923076923077,12.666666666666666,0.4166666666666667,0.16666666666666666,0.5,0.5,0.5833333333333334,0.5024875,0.754,0.2727272727272727,7.75,,3.0,1.0,1.0,,,,3.0,,,2.0,,,,,2.0,3.0,19.0,,1.0,,,,,,,6.0,,,2.0,,,,3.0,,3.0,,3.0,,,6.0,,,2.0,,2.0,2.0,2.0,,1.0,,1.0,1.0,,,2.0,1.0,1.0,2.0,,,3.0,,,,3.0,1.0,2.0,,1.0,,,1.0,1.0,,8.0,,,,,0.75,0.75,,,,,,,,0.16666666666666666,,,,,,,0.5,,0.6666666666666666,,,0.6666666666666666,,0.3333333333333333,,,,,1.0,,,0.6,0.6,1.0,,0.25,,,,,0.16666666666666666,,,,1.0,1.0,1.0,,,,,,,,0.15384615384615385,0.18181818181818182,,21.0,,,,1.0,,,,,,,,,,1611661330,2012,2012,False
100812-101049-201048-201484-203026,1611661330,"Erika de Souza, Cathrine Kraayeveld, Armintie Herrington, Ketia Swanier, Tiffany Hayes","de Souza, Kraayeveld, Herrington, Swanier, Hayes",100812-101049-201048-201484-203026,ATL,56.0,1,1.0,-6.0,2,3.0,,,5,,,,,,,,,,,,,,,,,,,,,,,,,,128.57142857142856,18.5,6.333333333333333,18.5,6.333333333333333,,,,,1.0,0.45135,,,,,,,,,,,,,,1.0,,,,,1.0,,6.0,,,,,,,,,,,,1.0,,,,,,,,,,,,,,,,,,,,1.0,,1.0,,,,1.0,,1.0,1.0,,,,,,,,,,,,,,,,,,,,,,,,,,,,,,,1.0,,,,,,,1.0,,,,,,,,,,,,,,,,,,,,,,,,1.0,,,,,,,,,,,,,,,,,22.7,,,,,,,,,,,,,,1611661330,2012,2012,False
100812-201046-201048-201881-202623,1611661330,"Erika de Souza, Lindsey Harding, Armintie Herrington, Angel McCoughtry, Aneika Morello","de Souza, Harding, Herrington, McCoughtry, Morello",100812-201046-201048-201881-202623,ATL,109.0,1,2.0,2.0,4,4.0,,1.0,8,2.0,1.0,1.0,2.0,4.0,4.0,,1.0,,2.0,,1.0,2.0,4.0,,0.5,,0.4,,0.4,,0.5,0.6666666666666666,,,105.68807339449542,11.75,15.5,9.75,13.25,0.4,0.2,1.0,1.0,0.6,0.60262,,,7.55,,1.0,,,,,,1.0,,,1.0,,,,,1.0,,2.0,,,,,,,,,2.0,,,1.0,,,,1.0,,1.0,,1.0,,,2.0,1.0,,1.0,1.0,2.0,1.0,,1.0,1.0,,,,,1.0,1.0,1.0,,,,,,,,,,,,,1.0,,,1.0,1.0,1.0,4.0,,,,,0.5,0.5,,,,,,,,0.2,,,,,,,1.0,1.0,0.5,,1.0,0.5,,1.0,1.0,,0.5,,,,1.0,0.5,0.5,1.0,,0.2,,,,,0.2,,,,,,,,,,,,,,,,,20.6,,,,,,,,,,,,,,1611661330,2012,2012,False
100812-201046-201881-202623-203026,1611661330,"Erika de Souza, Lindsey Harding, Angel McCoughtry, Aneika Morello, Tiffany Hayes","de Souza, Harding, McCoughtry, Morello, Hayes",100812-201046-201881-202623-203026,ATL,104.0,1,2.0,2.0,3,2.0,,,5,2.0,,,3.0,3.0,6.0,,,,,,,,,,1.0,,1.0,,1.0,,,,,,69.23076923076923,14.666666666666666,30.0,14.666666666666666,29.5,0.6666666666666666,,,,0.6666666666666666,0.5401,,,6.433333333333334,,2.0,,,,,1.0,1.0,,,,,,,,,,4.0,,,,,,,,,6.0,,,,,,,3.0,,3.0,,2.0,,1.0,6.0,,,,,,,,,,,,,,,,,1.0,2.0,,,,,,,,,,,,,,,,,6.0,,,,,1.0,1.0,,,,,,,,,,,,,,,,,,,,,,,,,,,,,,1.0,1.0,1.0,,0.3333333333333333,1.0,1.0,1.0,,,,,,,,,,,,,,,,,,,,,,,,,,,,,,,,,1611661330,2012,2012,False
101023-101049-201046-201048-203026,1611661330,"Sancho Lyttle, Cathrine Kraayeveld, Lindsey Harding, Armintie Herrington, Tiffany Hayes","Lyttle, Kraayeveld, Harding, Herrington, Hayes",101023-101049-201046-201048-203026,ATL,228.0,1,4.0,-1.0,9,8.0,7.0,2.0,17,4.0,,,3.0,6.0,9.0,,,1.0,4.0,,2.0,2.0,3.0,,0.5,,0.42857142857142855,,0.5,0.5,0.6666666666666666,0.6666666666666666,1.0,,107.36842105263159,10.333333333333334,16.875,10.333333333333334,15.75,0.5714285714285714,,,,0.7142857142857143,0.5517428571428572,,0.1111111111111111,7.25,6.0,2.0,,,2.0,2.0,1.0,2.0,,,1.0,,,1.0,,1.0,3.0,10.0,,1.0,3.0,3.0,,1.0,2.0,8.0,2.0,,,1.0,,,,1.0,,1.0,,1.0,,,2.0,,,1.0,,1.0,1.0,1.0,,1.0,,1.0,1.0,,,2.0,1.0,2.0,6.0,1.0,,2.0,,,,4.0,,1.0,1.0,,,,,,,8.0,8.0,6.0,2.0,1.0,0.3333333333333333,0.3333333333333333,,,,,1.0,0.75,0.8,0.14285714285714285,,,,,,,0.5,,0.3333333333333333,,,0.25,,,,,,,0.3333333333333333,,,0.5,0.5,0.5,,0.2857142857142857,0.5,0.5,,,0.14285714285714285,,,,,,,,0.5,1.0,0.25,,,0.586675,0.125,0.14285714285714285,0.8888888888888888,22.2,0.6666666666666666,1.0,,,,,,,,,,,,1611661330,2012,2012,False
101023-101049-201046-202623-203026,1611661330,"Sancho Lyttle, Cathrine Kraayeveld, Lindsey Harding, Aneika Morello, Tiffany Hayes","Lyttle, Kraayeveld, Harding, Morello, Hayes",101023-101049-201046-202623-203026,ATL,34.0,1,1.0,3.0,2,1.0,1.0,,3,,,,,,3.0,,,,,,,,,,,,1.5,,1.5,,,,,,127.05882352941177,5.0,24.0,5.0,23.0,,,,,1.0,0.5013,,,,,,,,,,,,,1.0,1.0,,,,1.0,1.0,,,,,,,,,,,,,3.0,1.0,1.0,,,,,,,,,,,,,,,,,,,,,,,,,,,,,,,,,,,,,,,,,,,,,3.0,,,,,,,,1.0,,1.0,,,,1.0,,,,,,,,,,,,,,,,,,,,,,,,,,,,,,,1.0,1.0,1.0,,,,,,,,,,1.0,,,,,23.1,,,,,,,,,,,,,,1611661330,2012,2012,False
101023-201046-201048-201881-202623,1611661330,"Sancho Lyttle, Lindsey Harding, Armintie Herrington, Angel McCoughtry, Aneika Morello","Lyttle, Harding, Herrington, McCoughtry, Morello",101023-201046-201048-201881-202623,ATL,729.0,3,12.0,4.0,25,25.0,13.0,3.0,50,2.0,3.0,7.0,7.0,14.0,27.0,,1.0,2.0,4.0,,3.0,3.0,9.0,,0.5,,0.5555555555555556,,0.6428571428571429,0.5,0.42857142857142855,0.375,1.0,,98.76543209876543,15.44,13.72,14.64,13.48,0.1111111111111111,0.3888888888888889,0.42857142857142855,0.42857142857142855,0.3333333333333333,0.4576617647058823,0.4587,0.07407407407407407,12.471428571428572,6.0,1.0,,,,,3.0,5.0,,2.0,4.0,,,,2.0,4.0,7.0,23.0,,2.0,1.0,3.0,,,7.0,9.0,10.0,3.0,3.0,4.0,2.0,1.0,,5.0,1.0,6.0,1.0,1.0,1.0,3.0,13.0,,2.0,4.0,,6.0,3.0,3.0,,4.0,1.0,1.0,3.0,,3.0,7.0,1.0,1.0,4.0,1.0,,7.0,1.0,1.0,,7.0,1.0,2.0,2.0,1.0,,,1.0,1.0,,25.0,9.0,6.0,2.0,2.0,0.7142857142857143,0.7142857142857143,0.5,0.5,,0.5,0.3333333333333333,0.3333333333333333,0.75,0.2222222222222222,,0.07142857142857142,0.5,,,,0.5714285714285714,,0.5714285714285714,1.0,,0.6666666666666666,0.25,0.5,,,0.25,1.0,1.0,1.0,,0.5,1.0,1.0,0.3333333333333333,0.2777777777777778,0.6,0.6,1.0,,0.2222222222222222,0.5,0.5,0.5,,,,,,,,,0.5,0.3881333333333334,0.10526315789473684,0.13333333333333333,0.3333333333333333,27.025,0.24,1.0,,,1.0,,,,,,,,,1611661330,2012,2012,False
101023-201046-201048-201881-203026,1611661330,"Sancho Lyttle, Lindsey Harding, Armintie Herrington, Angel McCoughtry, Tiffany Hayes","Lyttle, Harding, Herrington, McCoughtry, Hayes",101023-201046-201048-201881-203026,ATL,37.0,1,1.0,2.0,3,3.0,3.0,,6,1.0,,,1.0,1.0,2.0,,,,2.0,,,,,,1.0,,1.0,,1.0,,,,,,233.51351351351352,4.0,8.333333333333334,4.0,7.666666666666667,1.0,,,,1.0,0.8663,,,1.8,3.0,1.0,,,1.0,1.0,,,,,,,,,,,,,,,1.0,1.0,,,,2.0,,,,,,,,,,,,,,,,,,,,,2.0,2.0,,,,,1.0,,,1.0,,,,,,,,,,,,,,1.0,,,,1.0,,2.0,2.0,3.0,,,,,,,,,1.0,1.0,1.0,,,,,,,,,,,,,,,,,,,,,,,1.0,1.0,,,,,,,,,,,,,,,,1.0,1.0,,,,0.8663,,,1.0,,1.0,1.0,,,,1.0,1.0,,,,,,,1611661330,2012,2012,False
101023-201046-201048-202623-203026,1611661330,"Sancho Lyttle, Lindsey Harding, Armintie Herrington, Aneika Morello, Tiffany Hayes","Lyttle, Harding, Herrington, Morello, Hayes",101023-201046-201048-202623-203026,ATL,47.0,1,1.0,,1,2.0,,,3,1.0,,,1.0,1.0,2.0,,,,,,,,1.0,,1.0,,1.0,,1.0,,,,,,91.91489361702128,5.0,21.0,5.0,18.0,1.0,,,,1.0,0.7276,,,2.1,,1.0,,,,,,,,,,,,,,,,2.0,,,,,,,,,2.0,,,,,,,1.0,,1.0,,1.0,,,2.0,,1.0,,,1.0,,,,,,,,,,,,1.0,1.0,,,1.0,,,,1.0,1.0,1.0,,,,,,,,2.0,,,,,1.0,1.0,,,,,,,,,,,,,,,,,,1.0,,0.5,,,,,,,,1.0,,1.0,1.0,1.0,,,,,,,,,,,,,,,,,,,,,1.0,1.0,,,,,,,,,,,,,,,,1611661330,2012,2012,False
101023-201046-201881-202623-203026,1611661330,"Sancho Lyttle, Lindsey Harding, Angel McCoughtry, Aneika Morello, Tiffany Hayes","Lyttle, Harding, McCoughtry, Morello, Hayes",101023-201046-201881-202623-203026,ATL,388.0,1,6.0,-4.0,14,16.0,8.0,2.0,30,4.0,,,5.0,11.0,10.0,2.0,2.0,4.0,4.0,2.0,2.0,2.0,7.0,,0.45454545454545453,1.0,0.4166666666666667,1.0,0.4166666666666667,1.0,0.3333333333333333,0.2857142857142857,1.0,,111.34020618556701,13.0,12.875,12.642857142857142,12.6875,0.3333333333333333,,,,0.4166666666666667,0.4779708333333333,0.50645,0.4,11.181818181818182,5.0,3.0,2.0,2.0,1.0,2.0,2.0,7.0,,,1.0,,,1.0,,1.0,,14.0,,,3.0,4.0,,1.0,,6.0,6.0,,,1.0,,,,3.0,,3.0,,1.0,,2.0,6.0,,3.0,2.0,,5.0,3.0,2.0,1.0,1.0,,1.0,2.0,,,3.0,,1.0,3.0,,1.0,1.0,,1.0,,,,,,2.0,,,1.0,2.0,2.0,6.0,6.0,5.0,1.0,,0.6,0.75,,,,,0.75,0.6,0.6,0.08333333333333333,,,,,,,0.3333333333333333,,1.0,1.0,,1.0,,0.2,,,1.0,1.0,,1.0,1.0,0.75,0.75,0.3333333333333333,,0.5833333333333334,0.2857142857142857,0.2857142857142857,1.0,,0.08333333333333333,,,,1.0,1.0,,,0.4,0.5,0.2,,,0.48936999999999997,,,0.6,22.3,0.35714285714285715,1.0,,1.0,,,1.0,1.0,,,,,,1611661330,2012,2012,False
101049-201046-201048-201881-202623,1611661330,"Cathrine Kraayeveld, Lindsey Harding, Armintie Herrington, Angel McCoughtry, Aneika Morello","Kraayeveld, Harding, Herrington, McCoughtry, Morello",101049-201046-201048-201881-202623,ATL,85.0,1,1.0,-4.0,2,3.0,,1.0,5,,,,,1.0,,,1.0,,,,,1.0,2.0,,,,,,,,,0.5,,,84.70588235294117,27.5,10.0,20.5,10.0,,,,,0.5,0.45485,,,18.1,,,,,,,,1.0,,,1.0,,,,,1.0,,4.0,,,,,,,,,,,,1.0,,,,,,,,,,,,1.0,,1.0,,1.0,,,,1.0,,1.0,,,,1.0,,,1.0,,,,,,,,,,,1.0,,,,1.0,1.0,,,,,,,,,,,,,,,0.5,,,,,,,1.0,,1.0,,1.0,1.0,,,1.0,,,1.0,,,1.0,,,,,0.5,,,,,0.5,,,,,,,,,,,,,,,,,22.9,,,,,,,1.0,,,,,,,1611661330,2012,2012,False
101049-201046-201048-202623-203026,1611661330,"Cathrine Kraayeveld, Lindsey Harding, Armintie Herrington, Aneika Morello, Tiffany Hayes","Kraayeveld, Harding, Herrington, Morello, Hayes",101049-201046-201048-202623-203026,ATL,134.0,2,2.0,2.0,4,4.0,,,8,2.0,,,2.0,3.0,4.0,,,,2.0,,,,2.0,,0.6666666666666666,,0.5,,0.5,,,,,,85.97014925373134,15.25,18.25,15.25,16.75,0.5,,,,0.75,0.5445375,,,6.633333333333333,,2.0,,,,,,1.0,,,1.0,,,,,1.0,,2.0,,,,,,,,,2.0,,,1.0,,1.0,,1.0,,1.0,,1.0,,,2.0,,1.0,1.0,,2.0,1.0,1.0,,,,,,,,,,1.0,3.0,,1.0,,,,,,,,,1.0,,,1.0,1.0,1.0,4.0,,,,,0.5,0.5,,,,,,,,0.25,,0.3333333333333333,,,1.0,,,,0.3333333333333333,1.0,,0.5,,,,,1.0,,,1.0,1.0,1.0,1.0,0.5,,0.25,,,,,0.25,,,,,,,,,,,,,,,,,22.4,,,,,,,,,,,,,,1611661330,2012,2012,False
101049-201046-201881-202623-203026,1611661330,"Cathrine Kraayeveld, Lindsey Harding, Angel McCoughtry, Aneika Morello, Tiffany Hayes","Kraayeveld, Harding, McCoughtry, Morello, Hayes",101049-201046-201881-202623-203026,ATL,28.0,1,,-1.0,1,,,,1,,,,,,,,,,,,,,,,,,,,,,,,,,51.42857142857143,17.0,,17.0,,,,,,1.0,0.5961,,,,,,,,,,,,,,1.0,,,,,1.0,,1.0,,,,,,,,,,,,1.0,,,,,,,,,,,,,,,,,,,,,,,,,,,,1.0,1.0,,,,,,,,,,,,,,,,,,,,,,,,,,,,,,,1.0,,,,,,,,,,,,,,,,,,,,,,,,,,,,,,,1.0,,,,,,,,,,,,,,,,,21.3,,,,,,,,,,,,,,1611661330,2012,2012,False
101049-201048-201484-202623-203026,1611661330,"Cathrine Kraayeveld, Armintie Herrington, Ketia Swanier, Aneika Morello, Tiffany Hayes","Kraayeveld, Herrington, Swanier, Morello, Hayes",101049-201048-201484-202623-203026,ATL,157.0,1,3.0,1.0,6,4.0,1.0,1.0,10,,,2.0,1.0,3.0,8.0,,,3.0,2.0,,1.0,1.0,1.0,,0.3333333333333333,,0.8,1.5,0.8,1.5,0.5,0.5,,,91.71974522292993,16.5,14.5,13.666666666666666,14.5,,0.4,,,0.4,0.3819625,0.52485,0.375,10.966666666666667,,,,,,,1.0,1.0,,2.0,2.0,1.0,,,2.0,2.0,,7.0,1.0,,,,,,,,,3.0,3.0,2.0,2.0,,,,1.0,1.0,1.0,,,,3.0,,,,,,,,,,,,2.0,,,2.0,,1.0,1.0,,,1.0,,,,,,,,,,,,,,5.0,,,,,,,0.5,1.0,,1.0,,,,0.4,,,,,,,,,,,,,0.5,,,,,,,,,,,,,0.2,1.0,1.0,,,0.4,1.0,1.0,0.5,,,,1.0,,,,,1.0,,,,,31.0,,,,,,,,1.0,1.0,1.0,1.0,1.0,1.0,1611661330,2012,2012,False
